doc_id,chunk_id,chunk_index,idioma,texto_redigido
doc_b53730e47cc798ef,doc_b53730e47cc798ef_ch_0001,1,pt,"Speaker 1 - 00:08
 
 Só minutinho, então eu vou esperar. 
 
 
 
 
 
Speaker 2 - 00:09
 
 Os participantes que assistem, inclusive a Ana, entrarem aqui. Quando eu ligo a webinária, eles conseguem entrar, 
tá bom? 
 
 
 
 
Speaker 1 - 00:43
 
 Oi, Ana, tava esperando você entrar pra eu soltar o videozinho e colocar você aqui na sala. 
 
 
 
 
 
Speaker 2 - 00:48
 
 Vou soltar, tá bom? 
 
 
 
 
Speaker 1 - 00:49
 
 Vou conversar com você por WhatsApp. 
 
 
 
 
 
Speaker 2 - 00:50
 
 Obrigada. 
 
 
 
 
Speaker 3 - 01:11
 
 Olá, tudo bem? Que bom ver você por aqui. Nós somos Akira, uma empresa dedicada a entender 
comportamentos, necessidades e desejos das pessoas. Assim, ajudamos diferentes marcas a melhorarem os 
produtos, serviços e experiências que oferecem aos seus consumidores. Por isso, você é a figura principal nesta 
pesquisa. Estamos animados pela nossa conversa e curiosos para saber o que você tem a nos contar sobre 
Meeting Title: Q1_Biome_1104_9h00.m4a Meeting created at: 18th "
doc_b53730e47cc798ef,doc_b53730e47cc798ef_ch_0002,2,pt,"s. Antes de começar, aproveite para pegar uma água e ir ao banheiro. Assim, você não precisa 
sair durante a conversa. Agora, para que você não tenha nenhuma preocupação durante o nosso bate-papo, 
escolha local confortável, com boa iluminação e sem barulhos externos que possam atrapalhar a sua atenção. 
Coloque seu aparelho em local estável e com boa conexão de internet. Também aproveite para verificar se sua 
câmera e seu áudio estão funcionando corretamente. 
 
 
 
 
Speaker 3 - 02:13
 
 Se tudo estiver ok, basta deixar seu microfone no silencioso enquanto outra pessoa estiver falando. Lembre-se de 
manter sua câmera sempre aberta durante toda a conversa. Caso sua conexão fale, não se desespere, conecte-se 
novamente. Estaremos esperando por você! Se não conseguir voltar, fique tranquilo que entraremos em contato 
para te ajudar. Agora, se a pessoa da nossa equipe que está conduzindo a conversa tiver a sua imagem 
interrompida, aguarde que logo retomaremos. Tudo que for discutido e "
doc_b53730e47cc798ef,doc_b53730e47cc798ef_ch_0003,3,pt,"não grave nem tire prints ou fotos da tela durante o bate-papo. Agora falta muito pouco para 
começar. Não se esqueça que estamos aqui para te ouvir, então não deixe de expressar suas opiniões verdadeiras 
e nem tenha receio de dizer o que pensa. Aqui não há certo ou errado. Por isso, aproveite e participe. Não espere 
ser chamado para falar. 
 
 
 
 
Speaker 3 - 03:14
 
 Sentiu vontade de dizer algo? Basta acionar o microfone e falar sem interromper outra pessoa. Prontinho. Nosso 
bate-papo já vai começar. 
 
 
 
 
 
Speaker 4 - 03:29
 
 Bom dia, pessoal. Tudo bem? 
 
 
 
 
Speaker 5 - 03:36
 
 Bom dia. 
 
 
 
 
Speaker 1 - 03:37
 
 Bom dia. 
 
 
 
 
 
Speaker 4 - 03:39
 
 Eu sou a [NOME]. Obrigada que vocês estão aqui. Nesse momento, se vocês quiserem, vocês podem abrir já o 
Meeting Title: Q1_Biome_1104_9h00.m4a Meeting created at: 18th Mar, 2026 - 9:56 PM
2 / 88
microfone. Eu vou contar rapidamente, né? Assim, vocês já viram. Como é que funciona aqui o nosso trabalho, tu 
queria fa"
doc_b53730e47cc798ef,doc_b53730e47cc798ef_ch_0004,4,pt,"o projeto com vocês, então só reforçando que aqui não 
tem certo e errado, então tudo que vocês tiverem pra falar é legal pra gente ouvir, é pra ser uma reunião gostosa, 
de bate-papo, de troca de informação, então fiquem super à vontade, né? No comecinho a gente vai se 
apresentando a mas depois a gente quer que se coloque na hora que tiver vontade, na hora que sentir a vontade e 
fazer disso bate-papo gostoso, tá bom? 
 
 
 
 
 
Speaker 2 - 04:24
 
 Beleza? 
 
 
 
 
 
Speaker 4 - 04:25
 
 Então tá bom dizer então de novo, vamos fazer o seguinte, antes da gente entrar nosso tema, antes da gente 
conversar, eu queria que a gente pudesse se conhecer pouco melhor, né? Vocês que conhecem, aqui ninguém se 
conhece, aparentemente ninguém se conhece, né? Aí conta pouco, né? O que cês fazem, como é que é o dia-a-dia 
aí de vocês, o nominho a gente tá vendo aí de todo mundo, mas aí a gente já quebra esse gelo inicial e depois a 
gente começa a entrar nosso tema. Então, agora é que é deixar bem"
doc_b53730e47cc798ef,doc_b53730e47cc798ef_ch_0005,5,pt,"tar, pra gente começar, quebrar o gelo. 
 
 
 
 
 
Speaker 6 - 05:04
 
 Pode ser eu? 
 
 
 
 
 
Speaker 2 - 05:05
 
 Vamos lá. 
 
 
 
 
 
Speaker 4 - 05:06
 
 Tudo bom, vai então. 
 
 
Meeting Title: Q1_Biome_1104_9h00.m4a Meeting created at: 18th Mar, 2026 - 9:56 PM
3 / 88
 
 
Speaker 6 - 05:09
 
 Tudo bem, graças a Deus. Bom dia, primeiramente. Obrigado pela oportunidade. me chamo [NOME], tenho [IDADE] anos, moro aqui na cidade de São Paulo, no [ENDERECO]. Trabalho atualmente como assistente 
administrativo numa empresa do ramo metalúrgico e sou casado, tenho duas filhas. E estamos abertos às 
perguntas a serem respondidas da melhor maneira possível. 
 
 
 
 
 
Speaker 4 - 05:37
 
 Legal, Ericão. Obrigado pela presença. Muito legal. Valeu. 
 
 
 
 
 
Speaker 7 - 05:43
 
 Quem continua? Eu. 
 
 
 
 
Speaker 5 - 05:48
 
 Você ou o Gabriel? O Matheus, vai lá. 
 
 
 
 
 
Speaker 4 - 05:54
 
 O Matheus, o Matheus. 
 
 
 
 
Speaker 1 - 05:56
 
 Tá certo. Bom dia a todo mundo, meu nome é Ma"
doc_b53730e47cc798ef,doc_b53730e47cc798ef_ch_0006,6,pt,"nho [IDADE] anos, sou 
estudante universitário, não tenho filhos, não sou solteiro e acredito que é isso. 
 
 
 
 
Speaker 4 - 06:15
 
Meeting Title: Q1_Biome_1104_9h00.m4a Meeting created at: 18th Mar, 2026 - 9:56 PM
4 / 88
 
 Que legal, tá jóia. Obrigada, Matheus. Quer ir agora, Gabriela? 
 
 
 
 
Speaker 5 - 06:22
 
 Pode ser. Meu nome é Gabriel Yuri, tenho [IDADE] anos, moro no Rio de Janeiro, sou solteiro, moro sozinho e trabalho 
no Instituto Gastronômico das Américas, sou consultor de vendas. 
 
 
 
 
 
Speaker 8 - 06:41
 
 Legal, bacana, né? 
 
 
 
 
 
Speaker 4 - 06:43
 
 Obrigada. E agora as meninas, né? 
 
 
 
 
 
Speaker 7 - 06:46
 
 Vamos lá. 
 
 
 
 
 
Speaker 2 - 06:49
 
 Pode ser. 
 
 
 
 
Speaker 9 - 06:51
 
 Vai lá. 
 
 
Speaker 2 - 06:53
Meeting Title: Q1_Biome_1104_9h00.m4a Meeting created at: 18th Mar, 2026 - 9:56 PM
5 / 88
 
 
 
 Então, eu sou a [NOME], tenho [IDADE] anos, sou casada, tenho filho, sou aqui do Rio Grande do Sul. Vocês me ouvem 
bem? 
 
 
 
 
 
Spea"
doc_b53730e47cc798ef,doc_b53730e47cc798ef_ch_0007,7,pt,"2 - 07:05
 
 Eu peguei esse monstro aqui do meu marido, que eu não achei o fone normal. Eu trabalho no ramo decoração de 
interiores. A gente tem uma empresa, as versianas, janelas, né? A gente trabalha com cortinas. É, acho que é isso, 
né? 
 
 
 
 
 
Speaker 4 - 07:28
 
 Não, tá ótimo. 
 
 
 
 
 
Speaker 2 - 07:30
 
 Daqui a pouco a gente vai falar. 
 
 
 
 
 
Speaker 4 - 07:31
 
 Com mais, mas tá ótimo ter você apresentada e obrigado também por estar aqui com a gente. 
 
 
 
 
Speaker 2 - 07:35
 
Meeting Title: Q1_Biome_1104_9h00.m4a Meeting created at: 18th Mar, 2026 - 9:56 PM
6 / 88
 
 De nada. 
 
 
 
 
 
Speaker 7 - 07:37
 
 Legal. 
 
 
 
 
 
Speaker 4 - 07:38
 
 Julia e Alisa, quem quer ir? 
 
 
 
 
 
Speaker 7 - 07:41
 
 É, pode ser eu. Olá, gente, bom dia. Estão me ouvindo bem? Meu nome é Isabelle, sou estudante universitária, 
tenho [IDADE] anos, também não tenho filhos, não sou casada e acho que é isso. Sou aqui de Fortaleza. 
 
 
 
 
 
Speaker 4 - 08:06
 
 Aqui de Fortaleza"
doc_b53730e47cc798ef,doc_b53730e47cc798ef_ch_0008,8,pt,"m bacana, cada de lugar bacana. Obrigada, Isa. 
E você, Julinha? Vamos lá, querida. Chegou a sua vez. 
 
 
 
 
Speaker 9 - 08:18
 
 Bom dia, eu sou a [NOME]. eu sou [NOME], do sul de Minas, de Poços de Caldas. eu sou [NOME], sou formada em Engenharia Ambiental pela Federal de Alfenas, estou seguindo agora uma tese de 
mestrado, sou solteira, enfim, trabalho com consultoria ambiental, que é minha área, e aqui estamos. 
 
 
 
 
 
Speaker 4 - 08:41
 
 Legal, obrigada também, Julia. Gente, muito gostoso ouvir cada isso deixa o nosso grupo rico. E é muito legal, né? 
Meeting Title: Q1_Biome_1104_9h00.m4a Meeting created at: 18th Mar, 2026 - 9:56 PM
7 / 88
A gente poder estar junto aqui e falar. E eu queria saber pouco, antes da gente entrar, a gente vai falar sobre 
alguns produtos, sobre algumas linhas, mas antes da gente falar nisso, eu queria que vocês me contassem pouco 
o dia a dia de vocês, das coisas que vocês gostam de fazer, das coisas. 
 
 
 
 
 
Speaker 2 - 09:09
 
 Que interessa"
doc_b53730e47cc798ef,doc_b53730e47cc798ef_ch_0009,9,pt,"aker 4 - 09:12
 
 No lugar, tem gente casada, tem gente que não é casada, tem gente com filhos ou não, enfim, tá muito variado, 
mas é legal. 
 
 
 
 
 
Speaker 2 - 09:18
 
 Ouvir pouquinho, o que atrai. 
 
 
 
 
 
Speaker 4 - 09:20
 
 Vocês, o que cês gostam, sei que tem algum hobby, enfim, o que mexe com vocês, o que motiva vocês na vida, no 
momento que cês estão agora? 
 
 
 
 
 
Speaker 2 - 09:30
 
 Queria aprofundar, entender, conhecer pouquinho mais. 
 
 
 
 
 
Speaker 4 - 09:31
 
 De cada mesmo. E agora a gente já abre, não tem óbvio pra falar, pode deixar o microfone aberto, porque é melhor 
Meeting Title: Q1_Biome_1104_9h00.m4a Meeting created at: 18th Mar, 2026 - 9:56 PM
8 / 88
quando a gente deixa o microfone aberto, a gente. 
 
 
 
 
 
Speaker 2 - 09:39
 
 Não precisa ter esse movimento, né? 
 
 
 
 
 
Speaker 4 - 09:42
 
 Fica como se fosse bate-papo numa fala. 
 
 
 
 
 
Speaker 2 - 09:50
 
 Então, 
 
 
 
 
Speaker 5 - 10:17
 
 Vamos lá. 
 
 
 
 
 
Speaker 6 - 10:18
 
 E"
doc_b53730e47cc798ef,doc_b53730e47cc798ef_ch_0010,10,pt,", trabalho pra casa. Eu gosto de sair com a família, sair com as 
crianças. Meu hobby também é jogar futebol, nas horas vazias eu uso isso. Meu dia é bastante corrido, né? 
Sempre buscando a melhoria pra família. Aperfeiçoando, estudando. E acho que a gente tem que sempre buscar o 
melhor, né? Independente se é solteiro, se é casado, acho que tem que estar sempre no objetivo de melhoria de 
vida e sanidade. Acho que é mais ou menos isso, né? Basicamente isso. 
 
 
 
 
 
Speaker 2 - 11:18
 
 Ana, o pessoal tá cortando grama aqui no [ENDERECO]. Você consegue ouvir esse barulho? Atrapalha vocês? Tá, 
ótimo. Então, eu com rotina de filho, pequeno, né? Eu trabalho, eu acabo muitas das vezes, os meus hobbies são 
fazer entretenimento pra ele. Então, mudou pouco, né? Mas eu gosto muito de assistir séries, gosto de viajar, 
Meeting Title: Q1_Biome_1104_9h00.m4a Meeting created at: 18th Mar, 2026 - 9:56 PM
9 / 88
gosto de estar passeando com ele, proporcionar momentos de diversão. Acho que é o "
doc_b53730e47cc798ef,doc_b53730e47cc798ef_ch_0011,11,pt,"Speaker 4 - 12:05
 
 Depois que tem filho, as coisas ficam meio focadas, né? 
 
 
 
 
 
Speaker 2 - 12:09
 
 É, porque antes a gente gosta de sair com os amigos, essas são umas das prioridades da vida social, E aí depois 
do filho a gente começa a sair com os amigos que também têm filhos. 
 
 
 
 
Speaker 1 - 12:32
 
 A faculdade acaba ocupando boa parte do meu dia, eu faço medicina na UPE, então durante a semana não sobra 
muito tempo para fazer coisas que não são a faculdade, mas aí sempre que eu consigo, todo final de semana 
praticamente eu saio com os meus amigos, quando eu tenho tempinho assim durante a semana eu gosto de 
jogar, eu também pinto, gosto de pintar, e acho que é isso. 
 
 
 
 
Speaker 5 - 13:03
 
 Bom, eu gosto de ver série, gosto de vez em quando eu vou na academia, gosto de correr na [ENDERECO], fazer uma trilha, 
acho legal estar em contato com a natureza e tudo mais. É isso, dar rolê, de vez em quando encontrar os amigos, 
sair pra beber também, bem bacana. 
 
 "
doc_b53730e47cc798ef,doc_b53730e47cc798ef_ch_0012,12,pt,"sa, Júlia, o que mexe com vocês, o que motiva vocês? 
 
 
 
 
 
Speaker 7 - 13:35
 
 Bom, como eu falei, eu sou [NOME], me identifico muito com outro colega, que tá nesse momento também, e o 
que ocupa 90% do meu dia, das minhas horas, é estudar, porque eu estudo direito, então é uma coisa que ocupa 
Meeting Title: Q1_Biome_1104_9h00.m4a Meeting created at: 18th Mar, 2026 - 9:56 PM
10 / 88
muito, tem muita dedicação, e não sei, assim, não sei dos outros lugares, eu sou [NOME], eu nasci em São Paulo, 
mas já faz uns [IDADE] anos que eu moro aqui em Fortaleza, então, aqui em Fortaleza, no Ceará, na verdade, é lugar 
onde é muito reforçado, coisa de ensino, estudo, a gente, quando entra aqui na escola, já é... Sempre, faculdade, 
então, é uma coisa que aqui é muito cobrado. Então, basicamente, o que eu dedico o meu dia é o estudo, mas, né, 
sempre que tempo possível, eu gosto de também assistir uma série, ler livro e sair com os amigos. 
 
 
 
 
 
Speaker 2 - 14:36
 
 Legal. 
 
 
 
 
 
Sp"
doc_b53730e47cc798ef,doc_b53730e47cc798ef_ch_0013,13,pt,"o você abrir o microfone, pode falar. 
 
 
 
 
Speaker 9 - 14:46
 
 Bom, meu dia ele é bem dividido, né? Eu tenho que me desdobrar em algumas funções bem distintas umas das 
outras. A maior parte do meu dia acaba indo normalmente, né, para os estudos. Eu tô agora focando pouco nessa 
parte do mestrado, em ciências ambientais. Além do trabalho, né? Não dá pra gente viver só de mestrado, né? A 
bolsa, infelizmente, pequeno, né, para as necessidades do nosso dia a dia. Fora isso, eu tô iniciando projeto aí de 
fisiculturismo, né, já faz tempo já que a gente tem seguido nessa linha, então, meu dia é basicamente voltado para 
estudar mato, ver água, ir para meio de campo, meio de floresta e dentro da academia. 
 
 
 
 
 
Speaker 4 - 15:43
 
 Que legal. 
 
 
 
 
 
Speaker 2 - 15:45
 
 Como é que o Tom trouxe uma. 
 
 
 
 
Speaker 4 - 15:47
 
Meeting Title: Q1_Biome_1104_9h00.m4a Meeting created at: 18th Mar, 2026 - 9:56 PM
11 / 88
 
 Questão de que a gente está sempre buscando melhorar? Você"
doc_b53730e47cc798ef,doc_b53730e47cc798ef_ch_0014,14,pt,"is 
são os objetivos de vocês para o futuro? Quais são as preocupações de vocês para o futuro? Como é que vocês 
veem isso? Quais são as metas? O que vocês buscam? 
 
 
 
 
 
Speaker 6 - 16:04
 
 Olha, eu vejo, assim, para os futuros, na minha área que eu estou buscando também, que é radiologia, se for uma 
radiologia, ter uma estabilidade melhor para mim, no futuro melhor para a família, investir nas minhas filhas, em 
cursos, futuramente em faculdades, e também conquistando a minha própria, se Deus quiser. Acho que a gente 
pensa muito principalmente com a família, né? A gente pensa muito na família, então sou cara muito família e 
tento fazer o possível de tudo por elas, né? Acho que é basicamente isso. 
 
 
 
 
 
Speaker 4 - 16:59
 
 E mais aí? Vamos lá, gente. 
 
 
 
 
 
Speaker 2 - 17:01
 
 Vamos avançando pouco, né? 
 
 
 
 
 
Speaker 4 - 17:04
 
 Não precisa ter ordem pra falar. Como é que vocês pensam no futuro, as preocupações que vocês tem? 
 
 
 
 
 
Speaker 7 - 17:15
 
 Ac"
doc_b53730e47cc798ef,doc_b53730e47cc798ef_ch_0015,15,pt,"do é a gente conseguir renda, porque o mercado está cada 
vez mais exigente. Então, se a gente não se profissionaliza mais pra frente, não tem como a gente conseguir uma 
boa posição. Então, acho que basicamente é isso. A gente sempre procura se posicionar melhor no mercado 
futuramente conquistar os nossos objetivos, de adquirir alguma coisa, viajar para algum lugar. 
 
 
Meeting Title: Q1_Biome_1104_9h00.m4a Meeting created at: 18th Mar, 2026 - 9:56 PM
12 / 88
 
Speaker 5 - 17:51
 
 Verdade, eu vou seguindo essa linha de raciocínio dela. Acho que a gente tem que buscar sempre o que é melhor 
para a gente. Ano passado, fiz uma viagem que eu nunca imaginei que ia fazer na minha vida. Fui para fora do 
Brasil, morei fora há seis meses, e, tipo assim, conhecer outra cultura, outro tipo de gente, outro pensamento. E, 
sei lá, às vezes aqui eu tento aplicar isso também, né? Essa coisa, tipo, nova geração e questão mais social 
também, né? Enfim, dá pra escrever livro, né? Entra em racismo,"
doc_b53730e47cc798ef,doc_b53730e47cc798ef_ch_0016,16,pt,"ra 
gente, que somos o futuro. A gente e a geração antes da gente. 
 
 
 
 
 
Speaker 4 - 18:43
 
 A pergunta. 
 
 
 
 
Speaker 5 - 18:52
 
 Foi para mim? 
 
 
 
 
Speaker 9 - 18:54
 
 Não entendi. 
 
 
 
 
Speaker 5 - 18:55
 
 Vamos sair logo. 
 
 
 
 
 
Speaker 4 - 18:56
 
 O que o pessoal pensa do que você falou? 
 
 
 
 
Speaker 1 - 19:00
 
 Eu penso que é super relevante. Tipo, não tem como a gente viver na sociedade e não se importar com essas 
coisas. Tipo, se a gente não se importa com política, se a gente não se importa com essas questões, 
simplesmente é porque a gente tá num nível, assim, de tão privilégio de tudo que pra gente não importa porque 
não é a gente que é afetado. Então, assim, tipo, é essencial. 
Meeting Title: Q1_Biome_1104_9h00.m4a Meeting created at: 18th Mar, 2026 - 9:56 PM
13 / 88
 
 
 
 
 
Speaker 4 - 19:24
 
 Quem mais? 
 
 
 
 
 
Speaker 6 - 19:26
 
 Eu também penso, né, igual, assim, como o Gabriel mencionou, a gente vive num mundo, num país que são de "
doc_b53730e47cc798ef,doc_b53730e47cc798ef_ch_0017,17,pt,"e estão inseridos na nossa sociedade, referente à política, à 
religião. E acho que cada tem o seu pensamento, de respeitar o espaço de cada o espaço do próximo, as opiniões, 
ideias, e fazer com que se torne uma sociedade melhor a cada dia. 
 
 
 
 
 
Speaker 4 - 20:14
 
 Queria pegar o gancho do que vocês estão falando, da questão do meio ambiente. Como vocês pensam da 
questão do meio ambiente? Que tem pouco a ver com o que vocês estão trazendo. Como é que isso entra nas 
preocupações de vocês? Como é que funciona isso? 
 
 
 
 
 
Speaker 2 - 20:29
 
 Eu tinha esse pensamento que moro muito tempo com meus pais Apesar de já ter meu casamento, a gente ainda 
morava lá, na questão financeira, estava se organizando Então, acabei muitas vezes deixando que os meus 
hábitos fossem refletidos deles, entrando na onda, sabe? Então, a gente não fazia coleta seletiva, era uma coisa 
que hoje já vejo como importante Agora eu [ENDERECO], então aqui a gente precisa separar o lixo Então, 
isso é um"
doc_b53730e47cc798ef,doc_b53730e47cc798ef_ch_0018,18,pt,"meu dia-a-dia há alguns anos atrás. E hoje eu vejo que 
não só eu, como muitas pessoas, ainda não fazem essa coisa básica, a separação do lixo, dar o destino correto, a 
questão da reciclagem. E isso também me fez mudar alguns hábitos porque, como eu falei na questão dos filhos, 
a gente acaba pensando, sabe, com olhar diferente pro futuro. 
 
 
 
 
 
Speaker 2 - 21:52
 
 O que a gente vai deixar tanto na educação, de ensino mesmo, sabe? Com muitos comportamentos, porque os 
nossos filhos são aquilo que a gente planta, né? A gente já ensina pra ele também, porque a gente tem que 
começar bem cedinho. Ele vai fazer quatro anos, ele tem três anos. Então, já começamos assim, de tudo possível, 
vai colocando na rotina. 
Meeting Title: Q1_Biome_1104_9h00.m4a Meeting created at: 18th Mar, 2026 - 9:56 PM
14 / 88
 
 
 
 
 
Speaker 4 - 22:25
 
 Quer dizer, você tem dificuldade, os seus pais pra você e você pro seu filho, que eu tenho, né? Quer dizer, teve uma 
mudança. 
 
 
 
 
 
Speaker 2 - 22"
doc_b53730e47cc798ef,doc_b53730e47cc798ef_ch_0019,19,pt,":36
 
 Como é que vê essa questão do meio ambiente, gente? 
 
 
 
 
Speaker 9 - 22:39
 
 Bom, acho que isso é direto pra mim, né? Bom, dentro a gente tem conceito muito relevante chamado capacidade 
de carga. É conceito vindo da economia ambiental. Significa basicamente o seguinte, qual é o limite, qual o 
máximo em que o planeta ou que uma situação consegue comportar em relação a poluente, em relação a uma 
emissão, o que ele aguenta, qual é a sua capacidade máxima que ele suporta? A resposta é que a gente nunca 
consegue chegar nesse valor, esse valor é imensurável. 
 
 
 
 
Speaker 9 - 23:18
 
 Então, por isso que se fala que essa preservação, essa preocupação com o meio ambiente não começa ontem, 
começa [IDADE] anos atrás, porque a gente nunca vai ter a possibilidade de chegar neste valor, de alcançar, falar, 
nossa, o planeta consegue suportar 100 unidades de alguma coisa, a gente não tem esse valor ali, claro, ele é 
estimado, a gente chega num valor, espero que é próximo, mas a"
doc_b53730e47cc798ef,doc_b53730e47cc798ef_ch_0020,20,pt,"sendo uma discussão muito sutil entre o que é minha parte e o que não, o meu trabalho realmente está 
sendo efetivo ou não. Claro que assim, talvez a minha coleta de lixo aqui em casa não seja tão eficiente e 
pensada, já que existem bilhões de pessoas no planeta, e se a maioria não faz isso, o que é a minha parte? Ela é 
eficaz? Vale alguma coisa? 
 
 
 
 
Speaker 9 - 24:22
 
 
Meeting Title: Q1_Biome_1104_9h00.m4a Meeting created at: 18th Mar, 2026 - 9:56 PM
15 / 88
 E a gente sempre acaba caindo nessa discussão de, nossa, mas sou só eu, é só pouquinho de gente, que fácil, e 
todo mundo fizesse. Mas a questão é, antes da gente pensar no que o outro está fazendo, talvez se a gente 
pensasse só aqui, vamos começar dentro da nossa casa, a gente consegue ir expandindo. E além disso, até tem 
documentário muito interessante da BBC, se não me engano, Destino do Lixo, é rapidinho, coisa de 20 minutos e 
meia hora, falam muito sobre isso, sobre as grandes corporações e o que elas têm pensado"
doc_b53730e47cc798ef,doc_b53730e47cc798ef_ch_0021,21,pt,", que a gente chama de greenwashing, para os consumidores. 
 
 
 
 
Speaker 9 - 25:04
 
 Será que as corporações também estão fazendo o seu trabalho, ou elas só estão utilizando dessa imagem para 
que elas se vendam como produto verde, produto sustentável, Nossa, olha que legal essa empresa, ela é super 
legal, se preocupa mais lá por trás das câmeras, né? Eles não são tão bem assim. Então, assim, além das 
nossas... Eu sei que depende pouco da nossa dedicação e da nossa disposição, né? Cabe a gente, além de fazer a 
nossa parte pouquinho de separar o lixo, não jogar fora, não poluir a água, Enfim, também dá uma olhada no que a 
gente tá consumindo, da onde vem, como foi feito, pra onde vai, principalmente pra onde vai. Ainda mais com 
essa situação de plástico aí no mundo. Nem comento tanto agora. 
 
 
 
 
 
Speaker 4 - 25:53
 
 Vocês conhecem a questão dos outros? Vocês pensam tudo isso que a Júlia trouxe? Como é que é? 
 
 
 
 
Speaker 1 - 25:59
 
 Assim, falar qualquer coisa depois"
doc_b53730e47cc798ef,doc_b53730e47cc798ef_ch_0022,22,pt,"fosse superficial, né? 
 
 
 
 
 
Speaker 4 - 26:07
 
 Mas... Todo mundo aqui tem a sua voz, né? Fala da sua voz. 
 
 
 
 
Speaker 1 - 26:13
 
 Mas, assim, essa questão é essencial, assim, tipo, eu acho que a gente vai ser uma das primeiras gerações que 
vai pegar mundo muito pior do que os nossos pais pegaram. Então, assim, não tem como ficar calado, 
conformado vendo, tipo, né, o planeta indo pra... É entender que, além das atitudes individuais, a crítica, quando 
fala da questão ambiental, tem que vir para o sistema. Ambiental, sem ter esse aspecto de criticar também a 
exploração, criticar grandes empresas, todo o sistema que favorece isso, acaba que, tipo, é como se fosse 
paliativo para que a população faça coisa e tal, sendo que a grande maioria do lixo poluente é produzido pelas 
grandes empresas, é produzido por quem tem muito mais dinheiro que, sei lá, uma viagem de jatinho gera 
poluição pra, sei lá, o que uma pessoa que tem carro gasta em ano, sabe? Negócio assim. 
 
 
Meet"
doc_b53730e47cc798ef,doc_b53730e47cc798ef_ch_0023,23,pt,"eated at: 18th Mar, 2026 - 9:56 PM
16 / 88
 
 
 
Speaker 1 - 27:27
 
 Então, o que eu acho é que não dá pra fazer essa crítica ambiental, que é super importante, sem pensar nessa 
questão a mais, sabe? De desigualdade social e todas as outras questões. 
 
 
 
 
 
Speaker 2 - 27:42
 
 A questão da desigualdade social já, não necessariamente, mas muitas pessoas que têm menos condição 
financeira vai ter menos acesso, pode ter menos acesso, na grande maioria é assim, menos acesso à informação, 
ao estudo, enfim. E então acaba que, além também muitas vezes não tem nenhum saneamento básico e polui 
sem querer, tá poluindo, mas tá poluindo, né? Às vezes não tem aquela condição, então vai fazer o que, né? Então 
acaba que essa massa menor, essa grande massa de pessoas com menos poder adquisitivo, vamos dizer assim, 
acaba Como que eu vou falar? Não intencionalmente, né? Agredindo o planeta. 
 
 
 
 
 
Speaker 4 - 28:39
 
 Vocês fazem alguma coisa, vocês têm nos hábitos de vocês alguma ação pr"
doc_b53730e47cc798ef,doc_b53730e47cc798ef_ch_0024,24,pt,"risco. Tem alguma preocupação, alguns resultados, né? 
 
 
 
 
Speaker 5 - 28:52
 
 Eu, por exemplo, Eu gosto de, tipo assim, tudo quanto é lixo meu, seja uma garrafinha de 600ml de coca ou seja 
papelzinho de bala, eu guardo dentro da minha mochila, dentro do meu bolso e na primeira lixeira eu taco no lixo. 
Porra, é o mínimo, sabe? Se cada fizesse isso, já... Porra, acho que consertava bastante coisa. E tipo assim, eu vou 
na trilha, eu volto já catando alguma coisa, porque sempre tem alguma coisa numa trilha, enfim. Na praia, às 
vezes. É uma parada que eu acho bem chato, né? Estar em contato com a natureza e ter o lixo lá e, sei lá, não faz 
parte, né? 
 
 
 
 
 
Speaker 2 - 29:38
 
 É, o pessoal às vezes faz a coleta em casa, aí quando vai passar o Carnaval, novas férias na praia, deixa 
bocadinho de cigarro, garrafa, cerveja, laca, enfim, simplesmente esquece, né? E depois dessas festas 
comemorativas, a gente vê muito aqui, não só na praia, enfim, como parques, locais com grande"
doc_b53730e47cc798ef,doc_b53730e47cc798ef_ch_0025,25,pt,"ece que aquilo estava ali, não vai fazer mal estar ali, porque tem alguém que pode 
recolher, não vai fazer Mas muitas vezes isso não só pela questão do ambiente, mas se tu parar pra pensar, antes 
mesmo que venha uma proporção de te atingir em relação ao planeta, a resposta do planeta, a resposta mais 
rápida que tem é dar uma chuva e entupir todo o bueiro e você ficar ali num local alagado. Então, o pessoal não 
pensa nisso. 
 
Meeting Title: Q1_Biome_1104_9h00.m4a Meeting created at: 18th Mar, 2026 - 9:56 PM
17 / 88
 
 
 
 
Speaker 2 - 30:41
 
 Então, quando eu casei, na verdade, quando eu tava namorando, eu notei o hábito dele quando eu era namorada, 
Ele jogava papelzinho, tipo assim, chiclezinho, jogava pela janela do carro E eu ficava, tipo, muito brava com isso 
Porque não era uma questão que eu... Sinceramente, não era questão ambiental que eu pensava pela questão da 
educação, sabe? E não deixei de ser a minha educação ambiental, né? Mas, enfim, eu ficava muito brava A bituca"
doc_b53730e47cc798ef,doc_b53730e47cc798ef_ch_0026,26,pt,"Speaker 2 - 31:12
 
 Então, tipo, era uma coisa que me incomodava muito Então, eu comecei sutilmente tentando mudar o hábito dele 
E deu certo, deu super certo, então eu comecei e eu falava, dá aqui esse papel pra mim que eu guardo Então eu 
botava dentro da minha bolsa, dentro da minha carteira, ficava comigo ali no carro Daí a hora que eu descia do 
carro eu procurava uma lixeira pra eu largar Então eu consegui mudar esse hábito dele, mas é uma coisa que eu 
acho feio Você ver alguém fazendo isso, eu acho feio, sabe? Eu acho uma falta de respeito O. 
 
 
 
 
 
Speaker 4 - 31:42
 
 Isa tinha falado alguma coisa, né? Você começou, mas daí você não continuou. 
 
 
 
 
 
Speaker 7 - 31:50
 
 Eu acho interessante também quando a gente observa a visão que quando a gente mora numa cidade grande, a 
gente tá rodeado de pedra e os prédios altos e a gente às vezes também esquece que aquilo ali faz parte da 
natureza. A gente esqueceu que aquilo ali era uma parte do nosso ecossistema. Então, às"
doc_b53730e47cc798ef,doc_b53730e47cc798ef_ch_0027,27,pt,"é rodeado daquilo e esquece também essa parte. E eu observo isso também quando, por exemplo, a 
gente vai num lugar pouco mais natural, sítio ou uma praia mesmo, e a gente vê que a gente tem até mais espaço 
para estar podendo fazer outras ações que se consideram as ecológicas. 
 
 
 
 
 
Speaker 7 - 32:34
 
 Eu, por exemplo, fui recentemente a sítio de uma tia minha, e lá ela aproveita para pegar todo o resto de alimento 
que sobra, e ela faz tipo uma composteira, ela cava buraquinho no chão, e ela fica assim, ó, não tem necessidade 
de criar lixo, porque ela praticamente não coloca lixo pra fora, porque o que ela utiliza de resto de embalagem ela 
recicla, e o resto de alimento ela usa pra fazer esse adubo, então ela praticamente não coloca lixo pra fora, então 
Meeting Title: Q1_Biome_1104_9h00.m4a Meeting created at: 18th Mar, 2026 - 9:56 PM
18 / 88
fica... Fica evidente que quando a gente mora numa cidade, geralmente, o valor para ter uma casa maior é mais 
caro, então, geralmente"
doc_b53730e47cc798ef,doc_b53730e47cc798ef_ch_0028,28,pt,"reviver. E quando a gente está num lugar 
mais natural, a gente tem mais oportunidade de estar realizando mais boas ações. Isso falta também quando a 
gente... Com pequenas coisas, eu penso. 
 
 
 
 
 
Speaker 7 - 33:33
 
 Eu sempre tento inserir no meu dia usar qualquer coisa reciclável, tipo, usar uma escova de dente eu não uso, mas 
escova de plástico, eu uso escova que é de bambu, né, que fala. Procuro sempre estar usando, tipo, alimentos que 
usam poucas embalagens, eu sempre, se eu posso estar comprando tipo, sabão, sabão pra lavar roupa, eu prefiro 
pegar aqueles que é refio do que pegar que vem aquela embalagem enorme, E também a gente observa, né? No 
final, quando a gente vai fazer a compra, eu pego todas aquelas embalagens e jogo no lixo. Eu fico assim, meu 
Deus, mas o que tem a ver? Olha, tem tipo umas tampas, uns negócios tão... Assim, isso aqui foi usado só para o 
transporte e agora vai para o lixo. E é uma tampa bem complexa, negócio assim que vai muito plástico. 
 
 
"
doc_b53730e47cc798ef,doc_b53730e47cc798ef_ch_0029,29,pt,"sando, por que não é uma coisa mais simples, né? Alguma coisa que usa menos plástico. E isso, né? 
A gente sempre está procurando também fazer o lixo reciclável. E eu também achei interessante a abordagem 
dos colegas que falam sobre a gente, assim, mas será que sou só eu que tô fazendo isso? Mas eu sempre 
procuro também pensar uma frase que minha mãe fala que uma andorinha sozinha não faz verão, né? Mas eu 
acho bacana às vezes quando a gente faz uma reunião que a gente percebe que tem mais gente no mundo que 
também tá tentando fazer a sua parte, ajudar pelo menos em algum percentual. 
 
 
 
 
Speaker 9 - 34:57
 
 Ana, posso fazer uma colocação breve? Dentro da educação ambiental, a gente tem uma dificuldade muito grande 
em, perdão a palavra, mas fazer as pessoas entenderem a importância. Bom, existem várias importâncias dentro 
dos problemas ambientais, mas a reciclagem é deles. A gente tem que fazer as pessoas entenderem que é 
necessário, que a destinação desses resíduos são caó"
doc_b53730e47cc798ef,doc_b53730e47cc798ef_ch_0030,30,pt,"terrada 
que não tem que tá enterrada, tem coisa que é queimada que não tem que tá queimada, tem coisa que é 
compostada que não é pra tá compostada. 
 
 
 
 
Speaker 9 - 35:35
 
 Então, eu queria deixar uma dica, né, pra vocês, se fosse possível, e já que todo mundo, assim, vamos dizer assim, 
tá no mesmo plano, no mesmo nível de entendimento, de acesso a esse tipo de informação, ultimamente eu tô 
buscando estudar bastante essa questão de plástico e pedir para vocês realmente tentar evitar, não 
necessariamente o plástico, eu sei que a gente está vivendo, a gente costuma dizer que a gente vive no mundo 
tecnológico, eu falo que a gente vive no mundo do plástico, tudo hoje é plástico, absolutamente tudo é alguma 
liga, que a gente tem por aí. Então, já que a gente vai consumir o plástico, vamos pelo menos entender que 
plástico a gente tá consumindo. 
 
 
Meeting Title: Q1_Biome_1104_9h00.m4a Meeting created at: 18th Mar, 2026 - 9:56 PM
19 / 88
 
Speaker 9 - 36:17
 
 Pet, ok, ou aquel"
doc_b53730e47cc798ef,doc_b53730e47cc798ef_ch_0031,31,pt,"te é muito caótico, é o plástico que tem liga, que é 
ele juntado com a liga metálica. Normalmente é aquele que vem em salgadinho, tem papel de bala, aquele a gente 
não sabe, nossa, será que isso é metal ou isso é plástico? Esse é dos mais caóticos que a gente tem. O isopor 
também é caos. A gente não consegue usar ele para poder reciclar, não consegue decompor. Normalmente, a 
destinação dele é incineração, então acaba queimando, gerando poluente, tem que tratar esse poluente, tem que 
tratar esse gás, enfim. Então, já que vocês estão empenhados aqui com a questão da reciclagem, que agora está 
no segundo passo, Essa bala aqui vem com papelzinho de metal, daquele papelzinho meio, lado metal, lado 
coloridinho. Tipo, vou comprar essa aqui. 
 
 
 
 
Speaker 9 - 37:11
 
 Vem num papelzinho, vem numa outra coisa diferente. Só dá segundo passo aí pra gente tentar melhorar. 
 
 
 
 
 
Speaker 4 - 37:19
 
 Legal, legal, Ju. Olha, gente, a gente tá aqui, o legal também, isso é, cada pra pode"
doc_b53730e47cc798ef,doc_b53730e47cc798ef_ch_0032,32,pt,"embra, não tem certo e errado, vamos falar da sua experiência. Então, bacana que a Julia tem esse 
conhecimento, mas eu também quero do paciente, né, pessoalmente também, é muito importante pra gente ouvir. 
A gente fez esse primeiro começo aqui, pra gente se conhecer pouco, saber como é que vocês veem essas 
questões, mas eu vou mudar pouquinho de assunto agora. Agora a gente vai falar pouco de produtos de higiene 
pessoal, como shampoo, condicionador, sabonete, queria saber o que vocês pensam nesses produtos, o que 
vocês usam, o que vocês buscam nesses produtos. Vamos mudar pouquinho agora para falar de produtos. Como 
é que é para vocês o uso, a compra? Vamos falar pouquinho disso agora. 
 
 
 
 
 
Speaker 7 - 38:18
 
 Eu, quando vou comprar algum produto, como eu tinha comentado, eu sempre busco principalmente, assim, fora 
que ele tente agregar alguma coisa assim, uma embalagem menos, né, menos embalagem, mas eu também 
sempre vejo a questão que eu, é, que tem alguns produtos, né"
doc_b53730e47cc798ef,doc_b53730e47cc798ef_ch_0033,33,pt,"stão que ficou muito em alta recente e eu não sabia que aquilo acontecia e principalmente quando eu via 
aqueles comerciais que o pessoal coloca, né, faz teste em cachorro, em coelhinho, eu fiquei abismada porque eu 
sou totalmente contra isso, pra mim Os outros animais, eu tenho uma visão muito social sobre eles. E quando eu 
vi aquilo, eu fiquei abismada. Então, para mim, uma das questões mais relevantes para comprar algum produto é 
sempre ver se não faz teste em animais e também se, de alguma forma, o produto tenta utilizar menos 
embalagem, né? 
 
 
 
 
 
Speaker 6 - 39:23
 
 Bom, Ana, no meu caso, eu compro assim, O shampoo e condicionador, aquele sólido, né? Não sei se eu posso 
Meeting Title: Q1_Biome_1104_9h00.m4a Meeting created at: 18th Mar, 2026 - 9:56 PM
20 / 88
falar a marca aqui. A marca é a B.O.B., né? B.O.B. Então é produto muito bom, eficaz, né? Já comprei ele há algum 
tempo, né? E até para tratamento também dos meus cabelos, tudo. E preservar o meio ambiente, né? Ac"
doc_b53730e47cc798ef,doc_b53730e47cc798ef_ch_0034,34,pt,"nte como uma forma de melhoria, né? Menos poluição, menos sujeiras, 
né? Eu sempre prezo muito nisso, quando eu vou comprar algum produto de higiene, pensando na questão do 
bem mesmo, né? 
 
 
 
 
 
Speaker 4 - 40:18
 
 Matheus. 
 
 
 
 
Speaker 1 - 40:21
 
 Também foi falado, normalmente procuram me importar com essa questão de embalagem e tal, com teste animal 
e tudo isso, que tanto Elton quanto Isabelle falaram, mas assim, também tem que considerar o preço né, porque 
infelizmente as vezes esses produtos, por não seguir uma lógica que dá mais lucro e tal, porque mete uma 
embalagem e aí qualquer sei lá o que, dá mais lucro. Aí eles acabam, tipo, sendo revertidos pro cliente e ficando 
mais caro, que infelizmente acaba tornando eles até pouco inviável, mas sempre que possível, sim, tipo, de 
preferência esses produtos que tem essa consciência ambiental. 
 
 
 
 
 
Speaker 4 - 41:01
 
 Tem a questão do preço, esses produtos, você vê como eles mais caros, é isso, Matheus? 
 
 
 
 
Sp"
doc_b53730e47cc798ef,doc_b53730e47cc798ef_ch_0035,35,pt,"ndo, alguns sim, alguns não, alguns são até mais baratos, né? 
 
 
 
 
 
Speaker 4 - 41:17
 
 Que você tá trazendo, né? 
 
 
 
 
Speaker 1 - 41:19
 
 Sim, sim, com certeza. 
 
Meeting Title: Q1_Biome_1104_9h00.m4a Meeting created at: 18th Mar, 2026 - 9:56 PM
21 / 88
 
 
 
 
Speaker 4 - 41:23
 
 Quem mais, gente? Pensando no engenho pessoal mesmo, né? Cês tão... É isso, né? Essa coisa da embalagem, 
cês falaram de produto sólido, isso é uma questão pra vocês? 
 
 
 
 
 
Speaker 2 - 41:35
 
 Como é que é? Eu vejo como uma cooperação, assim, sendo sincera, né? Eu Não foi por isso que eu aderi o uso 
do meu shampoo, do meu condicionador Mas com certeza isso, quando eu vi a embalagem, porque na verdade eu 
usei, gostei, entendeu? Daí ganhei Aí eu comecei a ler a embalagem E a gente geralmente não para pra analisar 
Uma pessoa que não tem o hábito Daqui a pouco, como a Júlia tem uma visão, Matheus tem outra, Isabela, enfim 
Então eu não tinha esse hábito de ficar reparando nas embalagens E v"
doc_b53730e47cc798ef,doc_b53730e47cc798ef_ch_0036,36,pt,"ção É ponto positivo, qualquer marca que tiver ali escrito É produto vegano, que é produto que se 
preocupa com a embalagem, se preocupou em produzir uma embalagem a ponto de agredir menos o meio 
ambiente. Isso aqui de ponto positivo. Então, conta, sabe? 
 
 
 
 
 
Speaker 2 - 42:48
 
 Mas não foi exatamente pelo primeiro motivo que me levou a usar. 
 
 
 
 
 
Speaker 4 - 42:53
 
 Quando você fala, de qual produto você está falando? 
 
 
 
 
 
Speaker 2 - 42:57
 
 Do shampoo em barra e o condicionador que eu uso. 
 
 
 
 
Speaker 4 - 43:01
 
Meeting Title: Q1_Biome_1104_9h00.m4a Meeting created at: 18th Mar, 2026 - 9:56 PM
22 / 88
 
 Você também usa shampoo em barra, condicionador? Sim. 
 
 
 
 
 
Speaker 2 - 43:06
 
 Esses dois eu consigo utilizar em barra. 
 
 
 
 
 
Speaker 4 - 43:09
 
 E qual foi o critério? O que você achou que te ajudou a escolher, a definir? 
 
 
 
 
 
Speaker 2 - 43:16
 
 Eu já tinha ouvido falar, sabe? Eu tinha preconceito antes. Porque eu pensava assim, noss"
doc_b53730e47cc798ef,doc_b53730e47cc798ef_ch_0037,37,pt,"ue sabonete comum fica horrível no cabelo, fica o cabelo duro. Meu pai é uma pessoa 
muito desapegada. Então, se ele tiver que tomar banho sem passar shampoo no cabelo, ele lava com sabão, 
sabão do corpo. E minha mãe sempre falou, teu cabelo vai cair, não faz isso. E ele fazia. Quando minha mãe 
começou a comprar, e me deu até pra eu experimentar, eu achei interessante porque eu achava que aquilo ficava 
resfício de sujeira, Sei lá, que não limpava bem, e eu tinha preconceito nesse sentido, sabe? E aí depois eu gostei, 
usei... 
 
 
 
 
 
Speaker 2 - 44:07
 
 Quanto mais eu usava, mais eu gostava, mas me adaptei, aprendi a usar Então acabei perdendo esse preconceito, 
porque eu tinha essa ideia de que, sei lá, em barra podia, sei lá, estragar o cabelo, mas aí que uma coisa... É 
porque é feito próprio pra isso, né? Diferente do meu pai, que usava adobe no cabelo Então, eu gostei bastante do 
resultado, ele deixa o cabelo bem macio e limpa bem aquela preocupação que eu tinha de não lim"
doc_b53730e47cc798ef,doc_b53730e47cc798ef_ch_0038,38,pt,"u uso, então, tem esses aspectos, essa preocupação. Algumas marcas que eu 
uso tem essa preocupação dos peixes, dos animais, da vegano, né? 
 
 
 
 
 
Speaker 2 - 44:54
 
 Eu sinceramente, eu não sei quem foi que comentou antes, tem marcas que utilizam, acho que foi o Matheus, 
utilizam esses títulos por causa da mídia, porque é uma moda você parecer sustentável, é uma moda você 
Meeting Title: Q1_Biome_1104_9h00.m4a Meeting created at: 18th Mar, 2026 - 9:56 PM
23 / 88
praticar atividade física, é uma moda você ser culto, quando na verdade às vezes as pessoas se apropriam desses 
títulos para se inserir num contexto, vamos dizer assim, sabe, num outro patamar quando elas vão viver Então as 
marcas eu também vejo dessa forma. Eu não sei quais e sinceramente não procurei pesquisar se as que eu uso 
praticam realmente a fundo essas questões, mas a gente sabe que muitas marcas vão se intitular ali, mas no fim 
elas testam. Não se preocupam talvez na embalagem, apesar de estar escrito vegan"
doc_b53730e47cc798ef,doc_b53730e47cc798ef_ch_0039,39,pt,"mais sustentável possível. 
 
 
 
 
 
Speaker 4 - 45:57
 
 E o que vocês levam em consideração quando vocês vão escolher shampoo, condenador? 
 
 
 
 
 
Speaker 6 - 46:06
 
 O que eu levo muito em consideração, Ana, é o preço. O preço... Acho que a garantia do produto também é eficaz 
se vai me fazer realmente bem. É produto também que já usa bom tempo. Então eu já tenho uma confiança uma 
certa confiança em comprá-lo e usá-lo também. E assim ficar tendo dor de cabeça em qualquer lugar ou então até 
mesmo comprar online. Acho que é basicamente isso. 
 
 
 
 
 
Speaker 4 - 46:48
 
 Aqui tá usando produto em barra pra cabelo? Nesse grupo? 
 
 
 
 
 
Speaker 2 - 46:52
 
 Sim. 
 
 
 
 
 
Speaker 4 - 46:54
 
 Você tá bem, Júlia? 
 
 
Speaker 9 - 46:55
Meeting Title: Q1_Biome_1104_9h00.m4a Meeting created at: 18th Mar, 2026 - 9:56 PM
24 / 88
 
 Desculpa, ela cortou a pergunta. Pode repetir, por favor? 
 
 
 
 
 
Speaker 4 - 46:59
 
 Todo mundo tá usando produto em barra? 
 
 
 
 
 
Speaker 2"
doc_b53730e47cc798ef,doc_b53730e47cc798ef_ch_0040,40,pt,"Vocês usam só os em barra ou vocês mexem com outros? 
 
 
 
 
Speaker 9 - 47:09
 
 No momento tá sendo uso exclusivo. Tô inclusive esperando o meu. 
 
 
 
 
 
Speaker 6 - 47:15
 
 Também, só o uso do jarrapeu mesmo. 
 
 
 
 
Speaker 1 - 47:18
 
 Mesma coisa, também. Meu cabelo se deu bem melhor com o embarra do que o líquido, creme e tal. Eu descobri 
que meu cabelo é cachado faz uns 2, [IDADE] anos, foi depois da pandemia. Porque eu passei no vestibular, aí raspei 
quando ele cresceu, quando a pandemia deixou ele crescer muito, aí eu, olha, cachos, não sabia que existiam. Aí 
foi assim, meio difícil pra conseguir me adaptar e tal, e acabou que o shampoo em barra também, por indicação 
de ômega, que tinha acabado o cachado, acabou servindo bem pra mim. 
 
 
Meeting Title: Q1_Biome_1104_9h00.m4a Meeting created at: 18th Mar, 2026 - 9:56 PM
25 / 88
 
 
 
 
Speaker 4 - 47:56
 
 Então, na verdade, Matheus, só pra eu entender a motivação, você chegou a esse tipo de produto, pela indicação, "
doc_b53730e47cc798ef,doc_b53730e47cc798ef_ch_0041,41,pt,"te pela questão da embalagem ou de não testar em animais, é 
isso? 
 
 
 
 
Speaker 1 - 48:13
 
 Não, assim, eu acredito que acaba que, pelo menos na minha visão, acaba que quando a gente vai consumir 
produto que a gente acaba levando em consideração tipo as grandes coisas que são qualidade e preço e 
infelizmente essas questões feito embalagem, feito a origem do produto e tudo mais acabam sendo Tipo, uma 
questão à parte, sabe, que é relevante entre dois produtos de preço e qualidade similares, com certeza vai servir 
como critério desempate, mas pelo menos pra mim, assim, infelizmente, né, porque eu gostaria muito de 
realmente conseguir me importar mais com essa questão na hora da compra, acaba que... Mas acaba que essa 
questão fica uma questão terciária lá, e realmente preço e qualidade fica como... Com realmente grande elema. 
 
 
 
 
 
Speaker 4 - 49:06
 
 Eu acho que a Daisy falou alguma coisa a isso. Não foi isso que levou ela a usar, mas isso foi uma coisa que ela 
foi desco"
doc_b53730e47cc798ef,doc_b53730e47cc798ef_ch_0042,42,pt,"falou, Daisy? 
 
 
 
 
 
Speaker 2 - 49:16
 
 Isso, exatamente. Comigo foi assim. Exatamente como o Matheus colocou, acho que foi até uma forma mais 
clara. Fica em terceiro plano, a gente até gostaria de se importar mais com isso, mas realmente a gente vive numa 
sociedade capitalista, a gente se preocupa com preço, não tem como a gente fugir muito disso, e com certeza a 
qualidade, pra mim o preço é o segundo, hoje em dia o preço é o segundo critério, mas a qualidade vem em 
primeiro lugar, e com certeza uma indicação que foi o meu caso, pelo que eu entendi também do Matheus, conta 
muito, porque eu não saio testando, sinceramente eu não gosto de sair testando produtos não vou gastar o meu 
dinheiro comprando produto para testar. 
 
 
 
 
 
Speaker 2 - 50:04
 
 Eu geralmente procuro pelo menos uma resenha ou alguém próximo com cabelo parecido, alguém que eu confio, 
que tem os critérios, tipo assim, minha mãe ela sabe como que eu gosto, já imagina como vai dar no meu cabelo 
ou não. "
doc_b53730e47cc798ef,doc_b53730e47cc798ef_ch_0043,43,pt,"tenha me indicado. Então, infelizmente, a questão da embalagem, se 
é testado ou não, enfim, isso aí acaba ficando em terceiro plano. 
Meeting Title: Q1_Biome_1104_9h00.m4a Meeting created at: 18th Mar, 2026 - 9:56 PM
26 / 88
 
 
 
 
 
Speaker 4 - 50:32
 
 Quem pensa diferente disso ou igual? Como é que é, por exemplo, o Gabriel? Ou o Ayrton, pode falar. 
 
 
 
 
 
Speaker 7 - 50:39
 
 No meu caso, eu sou [NOME], eu gosto de testar produto novo, então eu adoro quando tem algumas ações 
no mercado, alguma coisa assim que tá fazendo dona amostra, não sei o que, eu sempre tô lá olhando, mexendo. 
Então, eu sinto até falta pouco, às vezes, desses produtos que são, digamos assim, diferentes, né? Eles estarem 
praticando mais ações nos mercados, alguma coisinha assim, pras mais pessoas estarem tendo conhecimento, 
porque muitas das vezes a gente tá assim, nossa, olha que interessante, né? Chega com preconceito em tals, mas 
daí você experimenta e aquele preconceito cai, na hora. Então, no me"
doc_b53730e47cc798ef,doc_b53730e47cc798ef_ch_0044,44,pt,"ando, não, porque shampoo em barra e condicionador em barra, daí eu, nossa, como é que isso é? Eu fiquei 
muito curiosa. E o problema é que é difícil achar, não é assim, né, tão fácil. 
 
 
 
 
 
Speaker 7 - 51:35
 
 E daí eu vi uma prima minha, ela trouxe na bolsa que ela tava viajando, e quando eu vi assim, daí eu aproveitei, tipo 
assim, pra perguntar se era tudo aquilo mesmo, se funcionava, Ela falou, não, muito bom, não sei o quê. Daí eu fui 
lá e comprei pela internet. Demorou séculos pra chegar, mas... Daí, na hora que chegou, fui testar correndo e achei 
muito interessante. Não tinha preconceito, assim, com assim, acho que é parecido com xampu. Não, eu pensei, 
não, é xampu só que sólido, né? E fui testar já acreditando que ia dar certo mesmo. E acho interessante também 
porque você leva na bolsa e não tem aquele perigo às vezes derramar alguma coisa ou frasco, porque geralmente 
frasco de xampu é enorme, você nunca consegue comprar frasquinho pequeno, tem que estar arranjando "
doc_b53730e47cc798ef,doc_b53730e47cc798ef_ch_0045,45,pt,"eaker 7 - 52:30
 
 Então, a minha questão mais de estar conhecendo o produto foi porque eu achei interessante a nova proposta. E 
também por causa da embalagem, porque não tem embalagem, né? É o produto em si e pronto. 
 
 
 
 
 
Speaker 4 - 52:45
 
 Na verdade, você reuniu as duas coisas, né? Ser produto em barra, uma proposta nova, com essa questão de não 
Meeting Title: Q1_Biome_1104_9h00.m4a Meeting created at: 18th Mar, 2026 - 9:56 PM
27 / 88
ter embalagem, né? Isso pra você foi o que motivou? 
 
 
 
 
 
Speaker 7 - 52:54
 
 Foi o que me motivou, foi por causa da ação, né? Porque é uma coisa ecológica e tal, por causa que ele ia facilitar 
o meu dia quando eu precisasse, E também, no caso daqui, eu acho legal empresas que se preocupam em estar 
oferecendo produtos novos, eu acho, assim, pensar a frente. Eu acho legal empresas que têm esse conceito 
dentro dela. 
 
 
 
 
 
Speaker 4 - 53:22
 
 Fala, Gabriel, como é que foi a tua trajetória aí com essa questão do tempo no ar e tal q"
doc_b53730e47cc798ef,doc_b53730e47cc798ef_ch_0046,46,pt,"Eu já uso já tempo. Em alguns meses. Não vou dizer que eu uso todos os dias. Às vezes tem delay, né? Tipo, 
acabou até do comprar, chegar, aquela coisa toda. Mas, normalmente, tipo, mesmo tendo cabelo curto e a barba 
pouco grande, eu também gosto de usar na barba. E, tipo assim, muito shampoo me dava casco, mesmo tendo 
cabelo curto. E mesmo sendo anti-casco. 
 
 
 
 
Speaker 5 - 53:57
 
 Tipo, o Palmolive, até com nome grande, Head Shoulder ou Clear, o cara dava caspa então tipo eu achava 
estranho e aí eu comecei a usar esse eu achei esse tipo mais leve não sei parece que não é tão pesado não 
sentindo no sentido de textura e tudo mais e tipo nunca mais deu não que ele seja de caspa nem nada disso mas 
sei lá estranho né diferente e isso me agradou né porque é uma coisa que incomoda pouquinho não era uma 
coisa em excesso mas tipo Então, incomoda pouquinho essa questão. 
 
 
 
 
 
Speaker 4 - 54:38
 
 E a questão da embalagem que o pessoal está falando, de não testar animais, você c"
doc_b53730e47cc798ef,doc_b53730e47cc798ef_ch_0047,47,pt,"ão lhe motivou tanto por isso? 
 
 
 
 
Speaker 5 - 54:48
 
 
Meeting Title: Q1_Biome_1104_9h00.m4a Meeting created at: 18th Mar, 2026 - 9:56 PM
28 / 88
 Eu vou dizer que a parte do animal, eu já ouvi falar, mas nunca parei para pesquisar. Não vou mentir. Pô, dá uma 
vontade de, tipo, procurar saber mais, né? Ainda mais com esse tipo de pensamento hoje, né? Era uma coisa que 
não era prioridade, né? Tipo, pesquisar alícia, testar do animal, mas já tinha ouvido falar, né? Também nunca tinha 
chegado nenhum conteúdo pra mim, então meio que é mais questão de não ter ido pesquisar mesmo. Em 
questão da embalagem, eu acho, cara, mais clean, né? Tipo, é pouco menor e tal, querendo ou não, ocupa menos 
espaço no banheiro. Por exemplo, tem uma namorada que compra shampoo de, sei lá, quase dois litros. Ocupa 
quase o banheiro inteiro, né? Então, tipo... Mas assim, a embalagem ser mais compacta e tu poder levar pro lugar 
e tal. 
 
 
 
 
Speaker 5 - 55:44
 
 Até pra uma trilha, tomar banho na tr"
doc_b53730e47cc798ef,doc_b53730e47cc798ef_ch_0048,48,pt,"a bag, vá molhar a mochila e tudo 
mais. Isso é bem interessante. 
 
 
 
 
 
Speaker 4 - 55:54
 
 Tem uma coisa de praticidade aí também, né? 
 
 
 
 
Speaker 5 - 55:57
 
 Isso, exatamente. 
 
 
 
 
 
Speaker 4 - 55:59
 
 Alguém ajuda, Julia, sobre esse produto? Bom, 
 
 
 
 
Speaker 9 - 56:10
 
 Eu não posso ser hipócrita a ponto de falar que eu consumo só produtos absolutamente sustentáveis, caseiros, 
feito de modo algum. Muito honestamente, eu levo muito em consideração com os benefícios. Porque, por 
exemplo, não foi o caso do shampoo necessariamente, mas eu já vi, por exemplo, os produtos em barra que 
prometiam desempenho muito bom e, enfim, cumpriam só a metade. Não sei se vocês repararam, mas o meu 
cabelo é bem comprido. Então, assim, se promete 60 lavagens, no meu caso, vai durar 30, 40. Então, é bem 
menos. Então, qual que é o diferencial desse produto que me faz, por exemplo, pagar R$100 produto que eu 
poderia pagar R$15, que desempenharia a mesma função, que poderia me t"
doc_b53730e47cc798ef,doc_b53730e47cc798ef_ch_0049,49,pt,"ker 9 - 57:03
 
Meeting Title: Q1_Biome_1104_9h00.m4a Meeting created at: 18th Mar, 2026 - 9:56 PM
29 / 88
 Então eu tento colocar numa balança isso, praticidade, conforto, que benefício que esse produto vai trazer pra 
mim, principalmente, preço, não tem como a gente fugir disso, eu vou comprar isso aqui porque é ótimo, porque 
protege a natureza, porque tem uma embalagem muito boa, porque tem cheirinho gostoso, mas eu vou pagar, não 
sei, muito dinheiro nisso. Enquanto existe produto semelhante, que desempenha as mesmas funções, que pode 
trazer os mesmos benefícios, 10% do preço. Então, realmente, o produto tem que me atrair muito, tem que ter 
benefício muito bom pra mim, diferencial que me faça trazer ele pra minha vida, pra eu poder colocar ele num 
lugar destaque. 
 
 
 
 
 
Speaker 4 - 57:58
 
 E qual foi o diferencial que você viu, o principal que trouxe destaque pra ele? 
 
 
 
 
Speaker 9 - 58:04
 
 Eu gosto muito em relação à praticidade. Então, por exemplo, eu tomo muito b"
doc_b53730e47cc798ef,doc_b53730e47cc798ef_ch_0050,50,pt,"meninas falaram, para eu poder carregar na bolsa, produtos líquidos, sempre há a possibilidade de 
eles vazarem, de cair no chão e perder quase tudo. Então, a questão da praticidade foi assim, o principal, ou foi o 
primeiro ponto. Segundo, a situação. Meu cabelo é grande, então não é qualquer produto que dá pra poder 
encaixar aqui, porque eu... Às vezes funciona no determinado tempo, às vezes não. E achei até curioso, acho que 
era o Matheus, eu também descobri... Então, eu descobri que o meu cabelo era caixado também, na pandemia. Eu 
também curti, porque eu cortava o meu cabelo curtinho, e quando ele começou a crescer, ele começou a crescer 
caixado. Eu não entendi absolutamente nada, vivi... 
 
 
 
 
Speaker 9 - 59:03
 
 Mais de [IDADE] anos da minha vida como uma mentira, tratando meu cabelo como liso e ele era cacheado. Então, 
aprendi realmente a administrar ele muito recentemente e tive que me adaptar. Então, não são todos os produtos 
que ficam legais nele. Tem produto sólido"
doc_b53730e47cc798ef,doc_b53730e47cc798ef_ch_0051,51,pt,"tem produto líquido que 
não fica bom. Curiosamente, essa primeira tentativa me trouxe resultado muito interessante. 
 
 
 
 
 
Speaker 4 - 59:37
 
 Como é que vocês conheceram o produto que vocês usam? Como é que foi? Uma indicação? Foi alguma 
propaganda? 
 
 
 
 
Speaker 9 - 59:47
 
 Não, foi fuçando mesmo. 
 
 
Meeting Title: Q1_Biome_1104_9h00.m4a Meeting created at: 18th Mar, 2026 - 9:56 PM
30 / 88
 
 
Speaker 2 - 59:50
 
 E o óculos? 
 
 
 
 
Speaker 9 - 59:52
 
 Estava meio mexendo à toa, a internet mesmo, pelo Instagram, entra no Instagram, aqui entra em outro, aí 
aparece, né? Estava procurando produtos de cabelo, de modo geral, né? E acabou como anúncio. Aqueles lá que a 
gente escuta, a gente fala. E comecei a ver uma resenha e outra. Falei, vamos dar abraço e torcer, né? Deixa eu ver 
como é que funciona. Não tive indicações de ninguém, não. 
 
 
 
 
 
Speaker 4 - 01:00:20
 
 Então, e qual marca? 
 
 
 
 
Speaker 9 - 01:00:22
 
 Ares de Mato. Como é que chama? Ares de Mato"
doc_b53730e47cc798ef,doc_b53730e47cc798ef_ch_0052,52,pt,"foi o produto que você comprou primeiro, Ares de Mato? É barra no condicionador? 
 
 
 
 
Speaker 9 - 01:00:32
 
 Isso, isso. 
 
 
 
 
 
Speaker 4 - 01:00:34
 
 E hoje você tá usando qual? 
 
Meeting Title: Q1_Biome_1104_9h00.m4a Meeting created at: 18th Mar, 2026 - 9:56 PM
31 / 88
 
 
 
Speaker 9 - 01:00:35
 
 Eu ainda tô usando esse. 
 
 
 
 
 
Speaker 2 - 01:00:37
 
 Você tá? 
 
 
 
 
 
Speaker 4 - 01:00:38
 
 E os outros, o que tão usando? Deysi, fala. Tá, tá, tá, tá, o microfone tá fechado. 
 
 
 
 
 
Speaker 2 - 01:00:51
 
 Eu uso Lola. Lola Cosmetics. 
 
 
 
 
 
Speaker 4 - 01:00:55
 
 Lola Cosmetics. E como que você condicionou ele? 
 
 
 
 
 
Speaker 2 - 01:01:00
 
 Shampoo e condicionador. 
 
 
 
 
 
Speaker 4 - 01:01:03
 
Meeting Title: Q1_Biome_1104_9h00.m4a Meeting created at: 18th Mar, 2026 - 9:56 PM
32 / 88
 Agora, sua mãe te indicou, pelo que eu entendi, foi isso? 
 
 
 
 
 
Speaker 2 - 01:01:08
 
 Isso, exatamente. Ela comprou, na verdade, meio que pra deixar no banhei"
doc_b53730e47cc798ef,doc_b53730e47cc798ef_ch_0054,54,pt,"só percebi essa questão da 
praticidade quando eu tive a necessidade de sair e levar o produto Então isso foi bacana, é muito bom isso Só que 
é uma pena que ele infelizmente acaba ardendo o olho Então não é uma coisa que eu posso usar, infelizmente eu 
não posso usar no meu filho Gostaria, entende? 
 
 
 
 
 
Speaker 2 - 01:03:07
 
 De poder utilizar nele, mas esse uso não dá Então eu acabo igual comprando outros produtos, né? Pro meu 
esposo não é bom, ele não gostou do cabelo dele, ele não gosta Eu acabo tendo que comprar outros shampoos aí, 
dessa linha mais infantil, assim E aí não tem como se preocupar, acabo comprando Johnson, a embalagem com 
plástico mesmo E a marca que eu uso Lola também em máscara só que não é sólido, sabe? 
 
 
 
 
 
Speaker 4 - 01:03:45
 
 É normal. E qual marca que você tá usando, como você chegou, como você conheceu? 
 
 
 
 
 
Speaker 7 - 01:03:56
 
Meeting Title: Q1_Biome_1104_9h00.m4a Meeting created at: 18th Mar, 2026 - 9:56 PM
33 / 88
 Atualmente eu"
doc_b53730e47cc798ef,doc_b53730e47cc798ef_ch_0056,56,pt,"1:05:11
 
 É da Lola. 
 
 
 
 
 
Speaker 4 - 01:05:12
 
 Você também usa o da Lola, tá. 
 
 
 
 
Speaker 5 - 01:05:14
 
 Isso. É a indicação da minha namorada. Ela usa também. 
 
 
Meeting Title: Q1_Biome_1104_9h00.m4a Meeting created at: 18th Mar, 2026 - 9:56 PM
34 / 88
 
 
 
 
Speaker 4 - 01:05:19
 
 Foi ela que te indicou? Quer dizer, não foi uma coisa que você foi no internet, ou subiu propaganda, não? 
 
 
 
 
Speaker 5 - 01:05:24
 
 Já vi propaganda do Instagram. Eu uso muito Instagram, não gosto muito do Facebook, mas do Instagram eu uso 
bastante. Aí já vi já. Só que não comprei, tipo assim, não me atraiu na hora. Eu fui saber depois sobre esse 
produto. Nem conhecia e tudo mais. Aí ela foi e me apresentou. 
 
 
 
 
 
Speaker 4 - 01:05:46
 
 Você falou o nome da sua marca, mas eu não gravei. Qual que era? 
 
 
 
 
Speaker 1 - 01:05:50
 
 Não entendi. 
 
 
 
 
 
Speaker 4 - 01:05:52
 
 Qual é a marca? 
 
 
 
 
 
Speaker 6 - 01:05:57
 
 B.O.B. B.O.B. 
 
 
 
 
 
Speaker 4 - 01:05:"
doc_b53730e47cc798ef,doc_b53730e47cc798ef_ch_0057,57,pt,"ting created at: 18th Mar, 2026 - 9:56 PM
35 / 88
 Foi eu, 
 
 
 
 
 
Speaker 7 - 01:06:07
 
 Também uso da B.O.B. 
 
 
 
 
 
Speaker 4 - 01:06:09
 
 Também é em barra e tal? 
 
 
 
 
 
Speaker 7 - 01:06:12
 
 É, em barra. E ele é pequenininho assim, acho bem legal, porque dá pra levar pra todo lugar facilmente. 
 
 
 
 
 
Speaker 4 - 01:06:22
 
 A compra desses produtos? Alguns de vocês falaram que é a internet. 
 
 
 
 
 
Speaker 7 - 01:06:25
 
 Como é que é? 
 
 
 
 
 
Speaker 4 - 01:06:26
 
 Onde vocês encontram? Onde vocês compram? 
 
 
Meeting Title: Q1_Biome_1104_9h00.m4a Meeting created at: 18th Mar, 2026 - 9:56 PM
36 / 88
 
Speaker 5 - 01:06:29
 
 Eu compro muito no Mercado Livre. Eu gosto de comprar lá, eu tenho frete grátis. Às vezes tem que pagar, mas eu 
tenho tipo nível 6 lá do Mercado Livre, eu gosto de comprar ali. 
 
 
 
 
 
Speaker 6 - 01:06:43
 
 Eu compro muito na loja web, né? Uma loja online, né? Pra comprar bom tempo. E a rapidez também. 
 
 
 
 
 
Speaker 4 - 01"
doc_b53730e47cc798ef,doc_b53730e47cc798ef_ch_0058,58,pt,"Speaker 6 - 01:06:59
 
 Compro na loja online, né? 
 
 
 
 
 
Speaker 4 - 01:07:04
 
 É, o Eriton compra em loja online, tá? Você também compra por internet. E você, Desir, você tava falando e vou 
ouvir. 
 
 
 
 
 
Speaker 2 - 01:07:14
 
 Eu já comprei em loja física, mas não é fácil de encontrar. Então... E também porque o preço é diferente, sabe? 
Então eu geralmente me programo assim, vejo que tá faltando alguma coisa, já falo, ó, amor, tem que comprar tal 
coisa Tanto na questão do mercado quanto na questão da higiene Então se a gente vai dar uma saída, lugar e não 
encontrar, eu já pego pela internet Eu trabalho com o celular, então sempre com o celular na mão Eu acabo 
comprando muitas vezes, a grande maioria pela internet Pela questão que eu... Às vezes eu pego... Dependendo 
de onde eu compro, vem o flashback Ou, claro, não vou comprar só o produto, né? Compro alguma outra coisa 
também Gosto de comprar... 
 
Meeting Title: Q1_Biome_1104_9h00.m4a Meeting created at: 18th Mar, "
doc_b53730e47cc798ef,doc_b53730e47cc798ef_ch_0060,60,pt,"ue embarca, que usa, Como 
conheceram a sua marca? Como é que chegaram na marca? 
 
 
 
 
 
Speaker 2 - 01:09:47
 
 Como é que foi com você? 
Meeting Title: Q1_Biome_1104_9h00.m4a Meeting created at: 18th Mar, 2026 - 9:56 PM
38 / 88
 
 
 
 
 
Speaker 8 - 01:09:50
 
 Eu uso da Lola. 
 
 
 
 
 
Speaker 4 - 01:09:52
 
 Lola também. Várias pessoas aqui usam a marca Lola. 
 
 
 
 
 
Speaker 2 - 01:09:59
 
 Fala pouco, como é que você chegou nela? 
 
 
 
 
 
Speaker 8 - 01:10:03
 
 Eu cheguei nela, foi o que eu tinha falado anteriormente, foi por uma indicação de amiga que ela tem com o 
cachorro também e ela disse que usava e não funcionava principalmente por conta da questão ou, tipo, a maioria 
dos shampoos foram para mim ou deixava com caspa ou deixava ele muito seco com frizz, sabe? Aí eu testei 
essa opção e gostei. E acho que eu vi que tava falando também onde comprava. Normalmente eu também 
compro pela internet. No geral pela Amazon, até porque normalmente tem frete grátis, o frete "
doc_b53730e47cc798ef,doc_b53730e47cc798ef_ch_0061,61,pt,"o frete tá mais barato, ou até mesmo o produto, eu compro em outras lojas. 
 
 
 
 
 
Speaker 8 - 01:10:50
 
 Normalmente sempre comprou lá no Amazon MercadoLibre, no geral lá no Amazon, mas realmente assim, 
lojinhas pequenas online eu nunca comprei não, porque não sei, pelo menos as que eu comprei nunca eram tão 
baratas. 
 
 
 
 
Speaker 4 - 01:11:03
 
Meeting Title: Q1_Biome_1104_9h00.m4a Meeting created at: 18th Mar, 2026 - 9:56 PM
39 / 88
 
 Gente, acho que por aliás, o Júlio falou que demorou para chegar a primeira vez, porque eu falei aí. Alguém falou 
aí que... Fui eu, 
 
 
 
 
 
Speaker 7 - 01:11:16
 
 Porque acho que era período de feriado, acho que feriado eu não sei, o Correios não trabalha direito, né? E então 
demorou para chegar, falava que ia chegar e não chegava, e eu já estava ansiosa, queria experimentar logo. Mas 
aí depois, agora geralmente dá certo. Porque a gente se programa. Eu já entendi que quando chega certo 
pedacinho assim, acho que aqui já vai embora mais"
doc_b53730e47cc798ef,doc_b53730e47cc798ef_ch_0062,62,pt,", para dar tempo de 
chegar antes que acabe o outro. 
 
 
 
 
 
Speaker 4 - 01:11:50
 
 Qual é o tempo, mais ou menos, que leva? Eu sei que cada está comprando no lugar. É Amazon Mercado Livre, é 
Naweb, mas mais ou menos. Quanto tempo está levando para chegar? 
 
 
 
 
 
Speaker 6 - 01:12:03
 
 Olha, o meu, mais ou menos de uma semana ele já chega, viu, Ana? Sempre que eu não peço... Já chega na minha 
residência. 
 
 
 
 
 
Speaker 2 - 01:12:14
 
 O meu também, mede uma semana. 
 
 
 
 
 
Speaker 8 - 01:12:18
 
 Acho que uma semana, duas semanas, por aí. Nunca, pelo menos, faz tempo que não passo disso. 
 
 
Speaker 4 - 01:12:25
Meeting Title: Q1_Biome_1104_9h00.m4a Meeting created at: 18th Mar, 2026 - 9:56 PM
40 / 88
 
 
 
 Quanto, Matheus, tá vendo isso? Quanto que você falou? 
 
 
 
 
 
Speaker 8 - 01:12:30
 
 Acho que, em média, uma semana, vocês falaram, duas semanas. Normalmente não passa de duas semanas. 
 
 
 
 
 
Speaker 4 - 01:12:36
 
 Normalmente não passa de duas. Pra voc"
doc_b53730e47cc798ef,doc_b53730e47cc798ef_ch_0063,63,pt,"39
 
 Ou não? 
 
 
 
 
Speaker 5 - 01:12:40
 
 Pra mim é menos de uma semana, porque às vezes eu pego até no frete full, que é... Chega, tipo, no dia seguinte, 
entendeu? Mas a média é uma semana, é. 
 
 
 
 
 
Speaker 4 - 01:12:52
 
 E o que você acha desse tempo, pra vocês? Como é que vocês avaliam esse tempo? 
 
 
 
 
 
Speaker 2 - 01:12:59
 
Meeting Title: Q1_Biome_1104_9h00.m4a Meeting created at: 18th Mar, 2026 - 9:56 PM
41 / 88
 Olha, pra mim é tranquilo porque, como eu falei, eu acabo me programando assim, sabe, pra não... Porque eu já 
sei, eu já conto com essa demora, e claro, às vezes o correio atrasa, às vezes não é correio, às vezes é 
terceirizado, sabe? Então, atrasa. Já aconteceu também de chegar bem rápido, e ali prometer tempo estimado e 
chegar bem antes, mas eu acabo me programando pra não ter esse problema. Ana, deixa eu só te pedir, eu só 
preciso tomar comprimido, eu já retorno, pode ser? Vai lá. Obrigada. 
 
 
 
 
 
Speaker 4 - 01:13:34
 
 Gente, e aí a gente fa"
doc_b53730e47cc798ef,doc_b53730e47cc798ef_ch_0065,65,pt,"foi o suficiente, daí precisa pegar mais, daí não, ali não, cê já tá você tá usando. E, né, é 
ecológico por causa de todas as qualidades que a gente comentou, né, sobre a embalagem e tal. 
 
 
 
 
 
Speaker 4 - 01:15:07
 
 Vamos pegar esse ponto de viagem que você trouxe. Como é o uso dele? Não sei nada disso. Como é o uso? É 
Meeting Title: Q1_Biome_1104_9h00.m4a Meeting created at: 18th Mar, 2026 - 9:56 PM
42 / 88
fácil de colocar na mão? 
 
 
 
 
 
Speaker 2 - 01:15:17
 
 Como que é? 
 
 
 
 
Speaker 9 - 01:15:23
 
 Eu confesso que foi pouquinho difícil pra eu poder me acostumar, né? Porque é sabonete, né, gente? 
 
 
 
 
 
Speaker 2 - 01:15:27
 
 Você tá com ele na mão, ele. 
 
 
 
 
Speaker 9 - 01:15:28
 
 Escorrega, cai no chão, né? É igual só sabonete normal. Demorei pouquinho pra me adaptar, sim, porque a gente 
tá acostumado com shampoo líquido, né? Você põe na mão uma gotinha, espuminha e passa no cabelo. Agora, 
com ele não. Você pode, né, às vezes eu passo na mão e faço a "
doc_b53730e47cc798ef,doc_b53730e47cc798ef_ch_0066,66,pt,"no cabelo, só que tem a questão de se passar direto no cabelo até faz mais burro, mas gasta mais produto. Então 
tem que achar equilíbrio. 
 
 
 
 
 
Speaker 7 - 01:16:00
 
 Quem mais? 
 
 
 
 
 
Speaker 4 - 01:16:00
 
 Fala, Olegio, você ia falar. 
 
 
Speaker 6 - 01:16:02
Meeting Title: Q1_Biome_1104_9h00.m4a Meeting created at: 18th Mar, 2026 - 9:56 PM
43 / 88
 
 
 
 Bom, pra mim foi fácil, né, adaptação. Não foi difícil não, tem essa facilidade, né, graças a Deus, assim. 
 
 
 
 
 
Speaker 2 - 01:16:10
 
 Não entendi. 
 
 
 
 
 
Speaker 4 - 01:16:15
 
 Essa facilidade qual? 
 
 
 
 
 
Speaker 6 - 01:16:17
 
 A de usar o produto mesmo, né? Até também encontrar o produto na loja onde eu sempre comprei e compro e 
acho que é produto muito bom de se usar eficaz para mim então eu posso levar para qualquer lugar onde eu vou 
também tem essa dificuldade de transportar ele em qualquer lugar na mochila na academia em algum lugar jogar 
não vou jogar bola com os amigos. 
 
 
 
 
 
Speaker 4 "
doc_b53730e47cc798ef,doc_b53730e47cc798ef_ch_0067,67,pt,"heus, como é que essa coisa de usar sabonete, aí você trouxe, mas a Júlia já falou 
que teve tempo de adaptação aí, como é que o uso, como é que você descreve? 
 
 
 
 
Speaker 1 - 01:17:01
 
 O uso eu achei até bem simples, honestamente, pra mim, quanto a essa questão da adaptação, demorou mais 
porque realmente eu tava, eu fui com a cabeça fechada, eu fui, não, isso aqui é sabonete, pelo amor deus. Mas aí, 
tipo, Eu uso mesmo, assim, foi ótimo, sabe? Tipo, eu não tive muita dificuldade, não. É só fazer espuminha e tal, 
né? 
 
 
Meeting Title: Q1_Biome_1104_9h00.m4a Meeting created at: 18th Mar, 2026 - 9:56 PM
44 / 88
 
 
 
 
Speaker 4 - 01:17:26
 
 É... Você passa direto na cabeça ou você faz... 
 
 
 
 
Speaker 1 - 01:17:30
 
 Não, não, eu faço espuminha pra depois passar. É porque eu acho que se passar direto fica, não sei, uns pedaços 
assim, num... Pelo menos, nunca tentei, né? Mas eu que imagino. É... Mas, assim, realmente ele é muito prático, eu 
acho que para o meu tipo de ca"
doc_b53730e47cc798ef,doc_b53730e47cc798ef_ch_0069,69,pt,"né? Então tem que ser no talento, né? 
 
 
 
 
 
Speaker 4 - 01:18:59
 
 No talento, né? Quando você fala saúde, o que você quer dizer com isso? 
 
 
Meeting Title: Q1_Biome_1104_9h00.m4a Meeting created at: 18th Mar, 2026 - 9:56 PM
45 / 88
 
Speaker 5 - 01:19:03
 
 Na questão da caspa e tudo mais, né? Tipo, mais saúde pessoal mesmo. 
 
 
 
 
 
Speaker 7 - 01:19:11
 
 Entendeu? 
 
 
 
 
Speaker 5 - 01:19:12
 
 Acho que ele agride menos, sabe? 
 
 
 
 
 
Speaker 4 - 01:19:14
 
 Menos? E o rendimento? Como vocês estão vendo o rendimento? 
 
 
 
 
Speaker 5 - 01:19:25
 
 A gente não entendeu a pergunta, o que você quer dizer com rendimento? 
 
 
 
 
 
Speaker 4 - 01:19:38
 
 A durabilidade. 
 
 
 
 
Speaker 5 - 01:19:44
 
 Dele, né? 
 
 
Speaker 4 - 01:19:45
 
Meeting Title: Q1_Biome_1104_9h00.m4a Meeting created at: 18th Mar, 2026 - 9:56 PM
46 / 88
 
 
 É, durabilidade, isso. 
 
 
 
 
Speaker 9 - 01:19:49
 
 Eu vi uma diferença entre o shampoo e o condicionador. O meu shampoo dura mais d"
doc_b53730e47cc798ef,doc_b53730e47cc798ef_ch_0070,70,pt,"ba antes. 
 
 
 
 
 
Speaker 4 - 01:19:57
 
 Vocês também viram isso ou não? 
 
 
 
 
 
Speaker 2 - 01:20:02
 
 Sim. 
 
 
 
 
Speaker 1 - 01:20:04
 
 Não reparei honestamente. Eu uso mais o meu shampoo do que o condicionador, eu acho então... Tipo, acho 
meio... Pelo menos pra mim essa comparação eu não tive condições de fazer, nem parei pra me ligar mesmo. 
Mas quanto a tipo, quanto que ele rende, eu acho que rende mais ou menos, talvez pouquinho mais do que 
shampoo convencional, sabe? Acho que pouco mais. 
 
 
 
 
 
Speaker 4 - 01:20:36
 
 Isa, o Ayrton, vocês acham que rende, não rende? 
 
 
 
 
 
Speaker 6 - 01:20:40
 
 Então, Ana, o meu rende bastante, é duradouro, tanto porque eu uso de duas ou três vezes na semana, então, 
Meeting Title: Q1_Biome_1104_9h00.m4a Meeting created at: 18th Mar, 2026 - 9:56 PM
47 / 88
assim, é produto que lende de fácil de manusear, de se usar, prático e preço acessível, ele é bastante duradouro, 
né? Dura bastante. 
 
 
 
 
 
Speaker 4 - 01:21:03
 
"
doc_b53730e47cc798ef,doc_b53730e47cc798ef_ch_0072,72,pt,"pra 
mim, ele dura mais pelo fato de que eu passo menos quantidade, como eu aprendi olhando ali, que ele tem menos 
necessidade de você estar Então, assim como eu já fazia uso realmente no líquido assim, também era assim, 
sabe? Sempre que eu comprava, durava mais o condicionador do que o chão. Então, acho que vale a pena, mas eu 
tive que procurar saber como era a forma adequada de usar, porque eu não soube ali, sabe, ter esse tato nas 
primeiras lavagens. 
 
 
 
 
 
Speaker 4 - 01:23:16
 
 Teve que ir atrás, né? Teve que ver as desenhas pra poder saber pouco mais. 
 
 
 
 
 
Speaker 2 - 01:23:21
 
 É, eu me senti assim, pouco burra, sabe? 
Meeting Title: Q1_Biome_1104_9h00.m4a Meeting created at: 18th Mar, 2026 - 9:56 PM
48 / 88
 
 
 
 
 
Speaker 4 - 01:23:25
 
 Então, vocês mencionaram várias coisas. Vocês mencionaram a coisa de ser prático, de ser eficiente, de ter uma 
coisa de saúde dos cabelos, de rendimento, né? Que ele dura, uma durabilidade. A questão do meio ambiente 
como s"
doc_b53730e47cc798ef,doc_b53730e47cc798ef_ch_0074,74,pt,"alguma coisa por aí? Se é mais natural, se é 
menos natural? 
 
 
 
 
 
Speaker 7 - 01:25:16
 
 Geralmente, na embalagem vem bem o símbolozinho, que é algo mais natural e tal. Eu observei isso, que o colega 
também estava dizendo que tem caspa e geralmente ele percebeu que isso, depois de trocar, passou. Eu sinto 
isso também, que por a composição ser mais natural, eu sinto que o cabelo está melhor, o produto está sendo tão 
agressivo com ele. 
 
 
 
 
 
Speaker 4 - 01:25:47
 
 Mas alguém notou essa questão do mais natural? 
 
 
Meeting Title: Q1_Biome_1104_9h00.m4a Meeting created at: 18th Mar, 2026 - 9:56 PM
49 / 88
 
 
Speaker 2 - 01:25:52
 
 Sinceramente, eu não li, não procurei me informar, saber o que é cada... O que está escrito na proporção e ir atrás 
procurar. Mas os resultados vieram da mesma forma. 
 
 
 
 
Speaker 1 - 01:26:09
 
 Eita, desculpa, rapidinho. Eu também, eu não parei pra ver, assim, eu tenho a impressão que ele é mais natural, 
mas eu sei que é por puro market"
doc_b53730e47cc798ef,doc_b53730e47cc798ef_ch_0075,75,pt,"s natural. E é isso, porque 
realmente se eu olhar a composição e etc., não me atentei a isso. 
 
 
 
 
 
Speaker 4 - 01:26:30
 
 É uma sensação, né? Uma sensação pela embalagem, mas não... 
 
 
 
 
Speaker 1 - 01:26:33
 
 Exato. 
 
 
 
 
 
Speaker 4 - 01:26:35
 
 Gente, vocês tinham falado do preço, vocês avaliam o preço como? Eu sei que cada aqui tem uma marca, mas a 
sensação, a impressão, como é essa questão do custo? 
 
 
 
 
Speaker 5 - 01:26:51
 
 Olha, para a média de duração que ele tem, eu acho que o preço até ok, né? O meu dura média mês, até pouquinho 
mais, mas eu pago aí uma média de R$30,00. Estou pagando nele, entendeu? 
 
 
 
 
 
Speaker 6 - 01:27:10
 
Meeting Title: Q1_Biome_1104_9h00.m4a Meeting created at: 18th Mar, 2026 - 9:56 PM
50 / 88
 É, no meu também. No meu também é essa faixa aí, essa mesma base do Gabriel, né? Mês, às vezes mês e meio, 
essa faixa de 25 a 30 reais, custo-benefício. 
 
 
 
 
Speaker 1 - 01:27:24
 
 Também, primeira coisa, tipo, por 30, por a"
doc_b53730e47cc798ef,doc_b53730e47cc798ef_ch_0077,77,pt,"a com as coisas que tem no banheiro que não é dele Então eu tenho uma crítica com 
o meu marido, espero que não seja o meu mesmo Ele usa as coisas às vezes como se fosse dele, então no início 
não durava, sabe? Até porque eu tava testando e usava bem mais Mas agora dura pelo menos mês, pelo menos 
mês, mas eu compro mais quantidade É tipo como de duas, três unidades, sabe? O shampoo. Então acaba que eu 
não tinha tanta essa noção. 
 
 
Meeting Title: Q1_Biome_1104_9h00.m4a Meeting created at: 18th Mar, 2026 - 9:56 PM
51 / 88
 
 
Speaker 4 - 01:29:23
 
 Gente, e outras marcas? Que outras marcas desse tipo de produto vocês já viram, já ouviram falar, já conheceram? 
Aqui a gente tá falando de algumas, né? 
 
 
 
 
Speaker 1 - 01:29:36
 
 No início eu usei o da Eudora. Que também era bom, eu gostava dele Mas aí, pela internet, teve uma época ali que 
eu achei mais fácil achar o da Lola mesmo Aí eu fiquei, e assim, eu também tive a impressão de que o da Eudora 
deixava ele pouco mais seco,"
doc_b53730e47cc798ef,doc_b53730e47cc798ef_ch_0079,79,pt,"produtos aqui na minha cidade, em vendedores pequenos, que prometiam mais ou 
menos a mesma qualidade, a mesma experiência, por preço mais reduzido. Então, fica aquela questão, a gente tá 
pagando por uma experiência, mas eu acho o preço pouco mais elevada em relação ao restante que o pessoal 
falou. 
 
 
 
 
Speaker 4 - 01:31:37
 
Meeting Title: Q1_Biome_1104_9h00.m4a Meeting created at: 18th Mar, 2026 - 9:56 PM
52 / 88
 
 Isa, conhece alguma outra marca? 
 
 
 
 
 
Speaker 7 - 01:31:42
 
 Fora essas do mercado, que os outros colegas comentaram, que é da Bob, da Lola, Eldora, eu também vejo muito 
essas de produtores independentes, que é artesanais, que minha colega também disse. Principalmente nessas 
lojinhas online, que vende produtos naturais, essas coisas do gênero. 
 
 
 
 
Speaker 5 - 01:32:10
 
 Eu já vi da Bob em loja, como a amiga falou, em loja natural e tudo mais, mas nunca cheguei a comprar. Eu, de 
fato, comprei direto da Lulu. Foi a primeira que eu usei, então não prove"
