topic_id,topic_str,label,top_terms,rank,doc_id,chunk_id,nmf_score,trecho
0,nmf_00,boticario / natura / perfume / vende,boticario; natura; perfume; vende; marca; marcas; vender; perfumaria; perfumes; avon; essencial; clientes; cliente; natura boticario; cheiro,1,doc_eeb118edb6d745e0,doc_eeb118edb6d745e0_pp_ch_0024,0.8122,"Se a comissão acabar se igualando, ela vai vender boticário. Bom, é... E tem uma demanda maior com o Boticário? Não, ela tem uma demanda maior com a Natura. São os clientes fiéis dela, a Natura, de anos. Vira e mexe outro pé de vodkaro e isso acontece, mas pouco. Ela é quase exclusiva, ela vende muito mais natura mesmo. Ela é uma pessoa de uma classe mais baixa, acho que era classe D, então dava pra ver que é uma pessoa mais simples mesmo do que a gente aqui e tudo. Então tinha aí uma limitação de conhecimento mais profundo das marcas que ela vende. Poxa, por mais que ela venda há muito tempo,"
0,nmf_00,boticario / natura / perfume / vende,boticario; natura; perfume; vende; marca; marcas; vender; perfumaria; perfumes; avon; essencial; clientes; cliente; natura boticario; cheiro,2,doc_5c06d290f301eadb,doc_5c06d290f301eadb_pp_ch_0005,0.6808,"Olha, são duas excelentes marcas eu acho que ainda existe sabu com a perfumaria da Natura, tá? Sim, diminuindo, né? Mas ainda em relação ao Boticário, perfumes sempre eu vendo mais do Boticário que da Natura. Mesmo a Natura tendo perfumes maravilhosos, né? Como a Luna, o Essencial. Então, eu sempre mando a mostra clientes, quando eles me enviam, pra conhecer o produto e e saber. Tem sim algumas clientes que já conhecem e gostam e usam a Natura, mas eu tenho clientes que é só Boticário. Aí eu acho que é mais perfil de cada né? Eu gosto das duas, eu tenho perfume das duas. Tenho produto das duas"
0,nmf_00,boticario / natura / perfume / vende,boticario; natura; perfume; vende; marca; marcas; vender; perfumaria; perfumes; avon; essencial; clientes; cliente; natura boticario; cheiro,3,doc_1d7aeba5c3deb241,doc_1d7aeba5c3deb241_pp_ch_0022,0.6679,"Pensando mais em produto, além disso que os clientes falam que o Boticário tem melhor duração, ela traz alguma percepção dela também em relação à diferença de produto? Sim, ela pessoalmente gosta de perfumes que façam você... Para ela o perfume é para você ser elogiada. Essa é a relação dela com o perfume. Para você sentir bem e para o outro te elogiar. Essa é a relação dela. Então ela gosta de perfumes que ela chama de agradável, chamativo e sexy. Esses foram os termos que ela usou. E que ela adora perfume doce, então ela tá sempre mudando, mas sempre tem que ser sexy, chamativo e doce. E aí "
1,nmf_01,propaganda / impressao / propagandas / mulheres,propaganda; impressao; propagandas; mulheres; mulher; produto; marca; tempo; expressao; pele; amiga tempo; passa; duas semanas; mostra; idade,1,doc_8f0f9dbe32c1bce3,doc_8f0f9dbe32c1bce3_pp_ch_0027,0.9506,"Como é que chama? Aumenta a nossa autoestima, essas coisas. A gente se preocupa bastante com isso e tenta buscar, tipo, todos os nichos de mulheres, assim, tipo, tem as da natureza, que nem o outro, daí você mostra umas pessoas mais elegantes, assim, tipo, digamos assim. Alguém mais percebeu isso aí que a Beatriz está falando, de que ela tenta alcançar todos os tipos, né? Isso que você falou, todos os tipos de mulheres. É, que ela tem todos os nichos de mulheres, assim. Mulheres. Sim, eu concordo. Me fala, quem concordou? Karina? Eu achei legal. Eu acho que nessa outra é mais para todas as ida"
1,nmf_01,propaganda / impressao / propagandas / mulheres,propaganda; impressao; propagandas; mulheres; mulher; produto; marca; tempo; expressao; pele; amiga tempo; passa; duas semanas; mostra; idade,2,doc_20c080a645217030,doc_20c080a645217030_pp_ch_0029,0.9419,"Eu vou mostrar uma outra propaganda pra vocês e a gente vai conversar sobre ela, tá? E se você fosse mais amiga do tempo? Reduza rugas e linhas de expressão em duas semanas com o super sero de Natura Chronos. Volta de novo, tá? E se você fosse mais amiga de tempo? Ter duas arrugas e linhas de expressão em duas semanas com o super sérum de Natura Chronos? Se você fosse amiga... E essa? Quem quer comentar? Que impressão que passou? Para mim, a impressão que passou é que, independente da sua idade, você sempre vai poder ter o seu cuidado com a sua pele. Então, assim, que nem você falou do tempo, "
1,nmf_01,propaganda / impressao / propagandas / mulheres,propaganda; impressao; propagandas; mulheres; mulher; produto; marca; tempo; expressao; pele; amiga tempo; passa; duas semanas; mostra; idade,3,doc_8f0f9dbe32c1bce3,doc_8f0f9dbe32c1bce3_pp_ch_0021,0.9352,"Eu acho que eu colocaria como palavra-chave saúde. Porque saúde, porque a natureza, esse contato com a natureza e a imagem que a propaganda passa é de que esse contato traz saúde, traz, como tem no final, bem-estar. Então eu pensaria em saúde. Eu pensaria que a natureza te faz bem. Tudo que é da natureza te faz bem. Eu pensaria também da natureza, da reconexão com a natureza que a gente está perdendo. O uso físico que a gente usa, que a gente tem. Acho que eu usaria brasilidade. Na minha cabeça, vai de uma coisa ao retorno à sabedoria ancestral. Esse negócio de você pegar coisas da natureza e "
2,nmf_02,idade / trabalho / casa / filhos,idade; trabalho; casa; filhos; nome; mae; tempo; vida; filho; semana; mora; moro; seu; momento; faco,1,doc_295321b3ea85e862,doc_295321b3ea85e862_pp_ch_0003,0.9883,"E com o que você mora, Jéssica? Eu moro com meus pais no momento. Legal, tá ótimo. Obrigada a você. Muito obrigada. E você? Boa tarde, meu nome é Gisele, eu tenho [IDADE] anos, sou casada, moro com a minha filha no ar livre. Legal. Nas horas de lazer, piscina no [ENDERECO], parque. Tranquilo. Trabalho com construção civil, mas na área de vendas. E você? Olá, meu nome é Consueli, tenho [IDADE] anos, sou enfermeira, sou casada, tenho. Bebê de 6 meses e nas horas. Livres eu fico com uma família. Eu sei mais, tipo, nas horas livres eu gosto de filme. Posso te fazer frango? Então, com amor. Obrigad"
2,nmf_02,idade / trabalho / casa / filhos,idade; trabalho; casa; filhos; nome; mae; tempo; vida; filho; semana; mora; moro; seu; momento; faco,2,doc_1434a07027866aa7,doc_1434a07027866aa7_pp_ch_0003,0.9801,"É uma tranquilidade, né? O Rebeca, e seu marido faz o que? Ele trabalha de costura também. De costura. Mas vocês costuram para clientes ou trabalham em alguma empresa, alguma fábrica comum? Então, eu trabalho para uma empresa, eles trazem pouco de corte, tipo assim, uma vestida, alguma coisa assim, eles trazem pouco, a gente faz isso também. E me conta, você falou que faz monte de coisa, como cabe tudo isso no seu dia-a-dia? Como é que é dia assim? Você acorda... É corrido. É corrido. Mas eu gosto. Tipo assim, se eu pudesse agora escolher o que eu realmente quero, eu me arrependo de não ter es"
2,nmf_02,idade / trabalho / casa / filhos,idade; trabalho; casa; filhos; nome; mae; tempo; vida; filho; semana; mora; moro; seu; momento; faco,3,doc_bd7e79d2d8b662f0,doc_bd7e79d2d8b662f0_pp_ch_0005,0.9392,"Então, gente, eu gosto bastante de dançar de salão. Já entrei várias vezes pra fazer dança. Esse esporte, né, não deixa de ser uma oportunidade de artista no esporte. Porém, né, enfim, a correria acaba desistindo, mas agora eu vou pegar firme. Matriculei, comecei essa semana, agora vou. Mas começa assim no fim do ano, é bom. É, no fim do ano, né? Chega as festas do fim de ano, em janeiro você tá aqui desanimada, começa as aulas de fevereiro, né? Começa a se estressar, já lá, já chuta o balde. Obrigada, Viomara. E você? Eu sou a [NOME], tenho [IDADE] anos, moro com os meus pais, sou educadora f"
3,nmf_03,corpo / banho / uso / hidratante,corpo; banho; uso; hidratante; passo; creme; pele; sabonete; gosto; oleo; cheiro; rosto; usa; usar; noite,1,doc_80a271097010f616,doc_80a271097010f616_pp_ch_0004,0.9983,"E Mariana, pensando então nos produtos mais específicos que você pensa quando a gente fala de cuidados pessoais, quais os produtos que você costuma utilizar? Eu uso bastante coisa. Eu uso sabonete e marra, o comum. Eu uso óleo corporal também, não é todo dia, eu uso uma vez por semana. Eu uso creme hidratante todos os dias, às vezes uma vez ou duas por dia. Hidratante de rosto ou corporal? Não, corporal. Daqui a pouco eu vou para a parte de rosto. Assim, de corpo é isso, e perfume. Perfume eu passo também de manhã, que aí eu desço com a minha cachorra para passear, não sei o que, e reforço dep"
3,nmf_03,corpo / banho / uso / hidratante,corpo; banho; uso; hidratante; passo; creme; pele; sabonete; gosto; oleo; cheiro; rosto; usa; usar; noite,2,doc_a1d2b9d6eaf7c8a9,doc_a1d2b9d6eaf7c8a9_pp_ch_0031,0.9859,"E ele deixa a pele como? Fredosa, hidratada. Ok. Karen, e você? Obrigada, Andressa. Agora conta pra gente a sua rotina. Gente, eu tomo banho uns dois ou três por dia, né? Tomo quando eu levanto. Hoje eu sei que eu vou tomar no meio do dia e antes de dormir. Toda vez que eu tomo banho, toda vez é o mesmo processo. Eu passo creme e óleo em tudo. Eu não tenho assim, não vou dormir, não vou passar, não. Todo banho eu uso de sabonete, sim, eu não tenho muita marca. Eu uso qualquer marca de sabonete. Eu acho que até peco em usar o sabonete no rosto, né? Sabonete do corpo no rosto. Eu sei que não é o"
3,nmf_03,corpo / banho / uso / hidratante,corpo; banho; uso; hidratante; passo; creme; pele; sabonete; gosto; oleo; cheiro; rosto; usa; usar; noite,3,doc_a0b281c2785ae1ed,doc_a0b281c2785ae1ed_pp_ch_0030,0.982,"Entendi, entendi. Meninas, agora eu queria saber que cada uma de vocês me falasse assim, qual que é a rotina aí de cuidar da pele e do corpo, tá? O que usa, quando usa, por que usa e como sente nesses momentos, tá? Vamos lá. Vou começar com a Elisa, vai Elisa. De manhã eu uso hidratante e também protetor solar de 70. Mas é depois do banho ou não? Depois do banho de manhã, tomei banho, aí uso sabonetinho com hidratante também, tá? E depois o hidratante no corpo, passo bastante calcanhar, canela, cotovelo, joelho, ombro, muita coisa, e colo, tá? Uso específico pro rosto. E logo depois aí uso o p"
4,nmf_04,revista / site / compra / comprar,revista; site; compra; comprar; compro; digital; espaco; interativa; consultora; revista interativa; manda; espaco digital; pelo; exemplo; aplicativo,1,doc_80a271097010f616,doc_80a271097010f616_pp_ch_0028,0.9877,"E aí, então, talvez por você já estar mais acostumada e por ter essa experiência, então, que você disse, né, de trazer mais proximidade à revista interativa, você acaba preferindo fazer a compra por lá mesmo. Tem alguma coisa, então, que você não conhecia? Não, né? A gente falou, você falou que já... Dessas coisas eu já tô habituada com todos. Alguma coisa que você melhoraria no processo, algo que poderia ser aprimorado de alguma forma através da compra pela revista? Acho que não. Estou satisfeita do jeito que está. Só minutinho para eu confirmar aqui ponto. E pensando na compra por site versu"
4,nmf_04,revista / site / compra / comprar,revista; site; compra; comprar; compro; digital; espaco; interativa; consultora; revista interativa; manda; espaco digital; pelo; exemplo; aplicativo,2,doc_76c629289d2e414c,doc_76c629289d2e414c_pp_ch_0024,0.9809,"É parecida, sim, mas é mais... É porque tá a casinha aqui em cima, deixa eu ver. É, assim, tá. E aí, nesse caso? Essa já é a do carrinho, assim, tá certo? Só que aí, claro, aparece tudo, né? Do lado aqui aparece para finalizar, se eu quisesse. Essa aqui, nesse caso, você não finaliza, você envia o pedido por WhatsApp para a consultora. Você põe no carrinho, mas você envia. Para a consultora via WhatsApp. Não, mas assim não aparece para mim. É, não, porque chama outra forma. Essa é uma outra forma mesmo, essa aqui é a Revista Interativa e você recebe o link direto da página, certo? Algum coment"
4,nmf_04,revista / site / compra / comprar,revista; site; compra; comprar; compro; digital; espaco; interativa; consultora; revista interativa; manda; espaco digital; pelo; exemplo; aplicativo,3,doc_fbdf5e17373e8de3,doc_fbdf5e17373e8de3_pp_ch_0030,0.9743,"Olha, depende, vamos dizer, às vezes eu quero produto que ela já tem. Então é como se fosse envio imediato, né? E aí demoraria dois dias, três, é rápido também. No meu endereço chega rápido. Mas assim, tem a historinha do correio em si, né? Então com ela é mais fácil. É, você tem a compra. Pela Revista Interativa e a gente tem a compra aqui por esse espaço digital. Minha primeira pergunta, você acha que está claro qual é a diferença entre uma e outra? Está, está claro. Porque o espaço digital... Fala. Não, pode falar. Não, pode falar. Não, eu estava dizendo, para mim está claro. Eu acho fácil,"
5,nmf_05,presente / dar / presentear / gosta,presente; dar; presentear; gosta; dar presente; aniversario; mae; comprar; presentes; natal; gosto; maes; legal; sempre; comprar presente,1,doc_1055808810073bc2,doc_1055808810073bc2_pp_ch_0007,0.942,"As próprias crianças te ajudam nessa ideia do presente, né? Eu vi que você envolve a família. É, quando se trata de professor, vai longe. É, é. Ai, que legal. Ai, é uma delícia. Uma com a outra também, né? Aí quando tá chegando aniversário de uma, as outras duas já ficam todas agitadas, já pensando no que vai fazer, no que vai dar. Aí é tudo desse jeito, porque elas também se presenteiam entre elas. De cada uma, assim, pra ela se apresentar entre elas também. Que legal. E como que é, assim, cada ocasião, e quando você costuma gastar num presente, ou como é que é com você cada ocasião, cada pes"
5,nmf_05,presente / dar / presentear / gosta,presente; dar; presentear; gosta; dar presente; aniversario; mae; comprar; presentes; natal; gosto; maes; legal; sempre; comprar presente,2,doc_1e5ee5a39b2288b7,doc_1e5ee5a39b2288b7_pp_ch_0003,0.9358,"Entendi. E além de aniversário que você falou, que ocasiões, de maneira geral, você costuma presentear? Em datas, né? Dia dos namorados, dia das mães, dia dos pais, Páscoa, com chocolate padrão, Natal, o que é essas? Entendi. E quando você presenteia alguém, o que você sente? Me sinto feliz, né? Que eu fico naquela expectativa que a pessoa vai gostar do que eu tô comprando, né? Isso. E é isso que você espera, né? Quando você dá presente, né? É, eu espero, assim, acertar, né? Que às vezes a gente não acerta, mas ultimamente eu tenho acertado. Que bom. E o que você leva em consideração na hora q"
5,nmf_05,presente / dar / presentear / gosta,presente; dar; presentear; gosta; dar presente; aniversario; mae; comprar; presentes; natal; gosto; maes; legal; sempre; comprar presente,3,doc_0a02c0b1be74620a,doc_0a02c0b1be74620a_pp_ch_0007,0.9125,"Legal. Você falou aqui de algumas ocasiões específicas, né? Você acha que você dá mais presente nessas datas que estão dadas, ou você percebe que tem outros momentos que você também consegue presentear meio sem motivo? Então, minhas irmãs, elas costumam me presentear também, né? A gente tem uma relação muito boa, graças a Deus, né? Entre irmãos. Então, as minhas irmãs, às vezes, elas vêem alguma coisa como pra mim, então, às vezes, eu também costumo. Uma vez, eu tava até passando no shopping, eu não lembro qual, passando ali, comprei creme pra minha irmã, que eu sabia que ela gostava. Então, s"
6,nmf_06,aproveite / sua camera / conversa / local,aproveite; sua camera; conversa; local; camera; conexao; bate papo; estiver; estamos; bate; papo; sua; diferentes; tenha; seu,1,doc_9ed820073ce06c76,doc_9ed820073ce06c76_pp_ch_0001,1.0,"Olá, tudo bem? Que bom ver você por aqui. Nós somos Akira, uma empresa dedicada a entender comportamentos, necessidades e desejos das pessoas. Assim, ajudamos diferentes marcas a melhorarem os produtos, serviços e experiências que oferecem aos seus consumidores. Por isso, você é a figura principal nesta pesquisa. Estamos animados pela nossa conversa e curiosos para saber o que você tem a nos contar sobre diferentes assuntos. Antes de começar, aproveite para pegar uma água e ir ao banheiro. Assim, você não precisa sair durante a conversa. Agora, para que você não tenha nenhuma preocupação duran"
6,nmf_06,aproveite / sua camera / conversa / local,aproveite; sua camera; conversa; local; camera; conexao; bate papo; estiver; estamos; bate; papo; sua; diferentes; tenha; seu,2,doc_a11e5233b2bda4e2,doc_a11e5233b2bda4e2_pp_ch_0001,1.0,"Olá, tudo bem? Que bom ver você por aqui. Nós somos Akira, uma empresa dedicada a entender comportamentos, necessidades e desejos das pessoas. Assim, ajudamos diferentes marcas a melhorarem os produtos, serviços e experiências que oferecem aos seus consumidores. Por isso, você é a figura principal nesta pesquisa. Estamos animados pela nossa conversa e curiosos para saber o que você tem a nos contar sobre diferentes assuntos. Antes de começar, aproveite para pegar uma água e ir ao banheiro. Assim, você não precisa sair durante a conversa. Agora, para que você não tenha nenhuma preocupação duran"
6,nmf_06,aproveite / sua camera / conversa / local,aproveite; sua camera; conversa; local; camera; conexao; bate papo; estiver; estamos; bate; papo; sua; diferentes; tenha; seu,3,doc_813751e4679e395b,doc_813751e4679e395b_pp_ch_0001,1.0,"Olá, tudo bem? Que bom ver você por aqui! Nós somos Akira, uma empresa dedicada a entender comportamentos, necessidades e desejos das pessoas. Assim, ajudamos diferentes marcas a melhorarem os produtos, serviços e experiências que oferecem aos seus consumidores. Por isso, você é a figura principal nesta pesquisa. Estamos animados pela nossa conversa e curiosos para saber o que você tem a nos contar sobre diferentes assuntos. Antes de começar, aproveite para pegar uma água e ir ao banheiro. Assim, você não precisa sair durante a conversa. Agora, para que você não tenha nenhuma preocupação duran"
7,nmf_07,refil / embalagem / parece / formato,refil; embalagem; parece; formato; plastico; diferente; ecos; legal; cor; design; material; visual; atual; acham; lembra,1,doc_2f47184626ff09c1,doc_2f47184626ff09c1_pp_ch_0005,1.0,"Tá bom? Vamos lá. Esse é o BTC, tá vendo? Aí aqui ó, eu vou só compondo aqui pra vocês verem. Eu tenho o protótipo, só que o protótipo, lembrando gente, é só esse aqui ó, tá? Do hidratante. Então a gente vai ter outros formatos também. E eu tenho aqui, esses dois aqui são os EFIs. Eu tenho o protótipo do refil, E é importante vocês saberem que o material que tá aqui do protótipo do refil vai ser... Você já tomara aquela garrafinha cristal? De água? Que o plástico deforma. Então assim, imaginem esse refil, esse protótipo de refil nesse material, tá? A tampinha aqui do refil, que na outra reuniã"
7,nmf_07,refil / embalagem / parece / formato,refil; embalagem; parece; formato; plastico; diferente; ecos; legal; cor; design; material; visual; atual; acham; lembra,2,doc_b6fd5d628bb2710e,doc_b6fd5d628bb2710e_pp_ch_0008,1.0,"Por isso que eu falei pra vocês, o mocap, que a gente fala de mocap e o protótipo, ele tá numa resina. Então, olha, pesadão. Então, você vai ter que fazer o exercício de pensar que ele vai estar nesse plástico. E esse aqui, o outro água, Vou deixar tudo aqui, depois a gente pega, mexe, só nesse primeiro momento. Esse aqui também é resina, mas ele vai ser tipo num plástico. Então vocês têm que imaginar isso. É exercício de imaginação aqui. Esse visual, a gente tem aqui os protótipos, nesse material o refil e nesse material a embalagem final, que não é o refil. Sim, mas nesse formato. Mas nesse "
7,nmf_07,refil / embalagem / parece / formato,refil; embalagem; parece; formato; plastico; diferente; ecos; legal; cor; design; material; visual; atual; acham; lembra,3,doc_74ca043fafaaea8d,doc_74ca043fafaaea8d_pp_ch_0022,0.9752,"A inspiração natureza. O que você viu ali que é isso que realmente vale? Os formatos mais orgânicos. Os formatos mais orgânicos, muito bom. E aí, até a última gota. Até a última gota, é. Pode utilizar até a última gota. Sem desperdício. Sem desperdício. Sem desperdício. Tem alguma coisa que está destoando? Você fala, nossa, não combina ou está ok? Não, está ok. Então, nada destoa aqui, né? Então, ótimo. Passa pra mim o texto, vamos continuar aqui nosso processo. O que eu vou mostrar pra vocês agora? Eu tenho nesse mesmo formato de embalagem, nesse mesmo design, algumas opções de acabamentos di"
8,nmf_08,transmite / atencao / parece / embalagem,transmite; atencao; parece; embalagem; imagem; tecnologia; chama atencao; chama; inovacao; produto; sofisticacao; avancada; tecnologia avancada; chamou; ideia,1,doc_6446f54127e74c2d,doc_6446f54127e74c2d_pp_ch_0054,0.9542,"Jaciara, e pra você, por que o R11 é o que mais chama atenção? Porque mostra os percentuais das pessoas que usaram e aprovaram. E são bastante altos, né? 90, 94, 97. E qual deles, né? Então, aquele era, queria saber qual chamava mais atenção. Qual chama menos atenção? Qual é a forma que não comunica para vocês os resultados, não chama a atenção de vocês? R6. Por quê, Marcia? Sem graça a foto. Não achei fruta nenhuma. Formação, só coloca a estrutura da pele, aí tem essas bolinhas. Não tem muita graça não. Eu olho pra essa foto e eu não consigo compreender ela. Eu também fico com essa foto. Eu n"
8,nmf_08,transmite / atencao / parece / embalagem,transmite; atencao; parece; embalagem; imagem; tecnologia; chama atencao; chama; inovacao; produto; sofisticacao; avancada; tecnologia avancada; chamou; ideia,2,doc_40a5bd913d6434d3,doc_40a5bd913d6434d3_pp_ch_0029,0.9527,"Qual delas, gente, transmite mais a ideia de sofisticação? Além da S14, mais alguma transmite sofisticação? Essa que tá aqui no cantinho, do lado da A, é que não tá mostrando o número dela. Está do lado de qual? Do S5? É, esse daí. Transmite sofisticação? Por que, Omar? Ela transmite sofisticação? A embalagem dela. Tem o que essa embalagem? Ela tem algo que chama a atenção, é uma coisa que parece ser positiva. A cor dela, o brilho, chama... Você olha assim, você se interessa. Mais alguma? Suzana, mais alguma? Colocaria também a S16, né? Também. Talvez pela forma como elas estejam apresentadas,"
8,nmf_08,transmite / atencao / parece / embalagem,transmite; atencao; parece; embalagem; imagem; tecnologia; chama atencao; chama; inovacao; produto; sofisticacao; avancada; tecnologia avancada; chamou; ideia,3,doc_90e2fc7494d27bd2,doc_90e2fc7494d27bd2_pp_ch_0046,0.9362,"Márcia, qual que transmite inovação pra você? A S16 pela coloração ou a S6 por ser gotinha, mas também conta gotas de vidro, não sei se... É ruim isso daí, eu já tive isso, horrível. Então a S16, vou ficar com a S16. S16. E por que ela está transmitindo inovação? O que tem aqui que transmite inovação? Acho que a composição tem imagem, é uma coisa mais lúdica, mais moderna. É, flora. Parece mais natural. O brilho está lindo. O brilho. Qual delas transmite a ideia de tecnologia avançada? Olha, tecnologia avançada deve ser esse S15, porque você não sabe o que é. É uma coisa que você não sabe iden"
9,nmf_09,negra / pele negra / pele / acha,negra; pele negra; pele; acha; linha; especifico; saber; hidratacao; marca; seria; quero saber; branca; negras; peles; produto,1,doc_bc29e08f3450ea98,doc_bc29e08f3450ea98_pp_ch_0062,0.999,"E se todo dia, só perguntando para a Diana também, se todo dia lançasse uma linha de cuidados para pele negra, o que você acharia? Ia ter uma para cada tipo de pele negra? Essa é a pergunta. Pele seca, pele mista, pele retinta, entendeu? Teria que ter uma linha então. Mais abrangente para despertar a curiosidade, como eu comentei com a Sheila, eu usaria para saber qual que é o... Como que eles chegaram nesse quê aí de falar que minha pele negra é igual a todas as outras peles negras, né? Eu já vi que não é legal falar que a pele negra não é uma só, tem várias diferenças e tal, e o que você ach"
9,nmf_09,negra / pele negra / pele / acha,negra; pele negra; pele; acha; linha; especifico; saber; hidratacao; marca; seria; quero saber; branca; negras; peles; produto,2,doc_c3440e03873d8788,doc_c3440e03873d8788_pp_ch_0053,0.9697,"Ou o Vazenosa é pra pele negra? Não, não é nível, mas eu acho que o... Com todo... Como é que eu posso dizer? Assim, ó, Natura, Boticário, todos esses... De marca, eles estão colocando, sim, ó, base pra pele negra, tipo Naomi Campbell, que é bastante negra mesmo, tem base pra pele dela. Hoje o protetor solar tem pra vários tipos de pele, tanto da mais branquinha, quanto da mais escura, que não fica, como a Ilana falou, com aquele aspecto de branco estado, entendeu? Então eu tô achando que tá entregando, mais do que antes, não está sem ação, porque é também tão avassaladora, mas só se você proc"
9,nmf_09,negra / pele negra / pele / acha,negra; pele negra; pele; acha; linha; especifico; saber; hidratacao; marca; seria; quero saber; branca; negras; peles; produto,3,doc_ecbea0911b71e6fa,doc_ecbea0911b71e6fa_pp_ch_0046,0.9597,"É igual, né, Ju? Eu acho muito bom ter produto especialmente para pele negra. Eu acho que a gente não fica na dúvida, porque tem aqueles lá, é para todo tipo de pele e às vezes não se dá com a nossa pele. Para mim não existe todo tipo de pele. A nossa pele é muito... Por exemplo, uma pessoa branca não fica com a pele russa. Sim, entendi. Uma pessoa branca, eu não vi a anela de pedreiro, só uma pessoa preta que fica. E o que você acha, Ju, de ter produtos específicos pra pele negra? Acho boa, acho que tá incluindo a gente no mercado, eu acho que é pessoal que precisa ser incluído no mercado, é "
10,nmf_10,loja / lojas / boticario / experiencia,loja; lojas; boticario; experiencia; shopping; perfumaria; natura; consumidor; ponto; loja natura; atendimento; atencao; varejo; dentro; vitrine,1,doc_57600d8711fbb9d4,doc_57600d8711fbb9d4_pp_ch_0011,0.8585,"Eu acho que é isso, ontem eu conversei com outra dupla também que parece que tem menos produto porque eles são meio chapados, assim, é tudo exposto de uma mesma forma. É tudo numerado. É, parece que tá tudo certinho, sabe? E tem espaçamento entre as coisas. O Boticário não, o Boticário junta. Junta do lado do outro, mas ele faz a vitrine, não a vitrine, né? Mas a gôndola parecer cheia. Por mais que ele não fique, esse aqui é só Elise. Não, é Elise, é Lily, é Florata, vai sequência, sabe? Não tem essa... Esse corredor de cada. Uma coisa que eu acho que vale apontar também aqui, que eu falei do "
10,nmf_10,loja / lojas / boticario / experiencia,loja; lojas; boticario; experiencia; shopping; perfumaria; natura; consumidor; ponto; loja natura; atendimento; atencao; varejo; dentro; vitrine,2,doc_3662c092fa45c669,doc_3662c092fa45c669_pp_ch_0010,0.8493,"E o Boticário, ele vai no comercial como se fosse qualquer outro shopping de São Paulo, assim, não tem muito... Que. É bem diferente até do Lab, né? Do Rodolfino, que tem uma outra apresentação visual, uma outra proposta, posicionando também bem... É forte com perfumaria, então, desde a entrada, já começa meio que a emergir no mundo dos perfumes, com as fragrâncias ali, os ativos que eles usam e o atendimento também ali mais de construção, como a Lu tava falando, do que o comercial da loja padrão do shopping, né? Então, também foi uma navegação bem diferente entre a loja de shopping e o Boticá"
10,nmf_10,loja / lojas / boticario / experiencia,loja; lojas; boticario; experiencia; shopping; perfumaria; natura; consumidor; ponto; loja natura; atendimento; atencao; varejo; dentro; vitrine,3,doc_33640fb8f77ec4a8,doc_33640fb8f77ec4a8_pp_ch_0017,0.8488,"O Dani, acho que a loja que você tá falando é o ATN, né? Que é uma loja de consultor que consegue montar uma loja. Aqui em São Paulo vê menos, mas, por exemplo, eu fui para a Bahia e lá era assim. É uma loja muito mais simples. É muito mais simples, mais convidativa. E eu vejo sempre, como ela está na frente da praça de alimentação, meu marido, ele é mega antenado também, ele trabalha com e-commerce, né? E aí ele reclama do e-commerce da Natura, né? E ele fala isso aqui, não conversa nada com o e-commerce de vocês. Isso eu acho que é ponto importante, assim, também. Porque, e ele falou, e eu v"
11,nmf_11,tecnologia / bio / bioeficiente / linha,tecnologia; bio; bioeficiente; linha; produtos; nome; produto; cabeca; palavra; homem; eficiente; bioinovacao; dermotech; natural; seria,1,doc_3a9c3f93806290fb,doc_3a9c3f93806290fb_pp_ch_0031,1.0,"Então tira o Bioexpert. Tá bom. Muito bom. Márcio? Pra mim também. O Beoplus e o Dermotech eu acredito que eles se sobressaem pouco em relação a esses outros nomes apresentados. Tá ótimo. E o David? Acho que eu vou ser pouco diferente, mas eu vou colocar o BIO+. Tipo, não sei se por causa do PLUS é algo pra gente aqui. Quando a gente fala essa palavra em inglês, parece que dá algo... Negócio melhor, sabe? Não sei se é coisa aqui do Brasil, mas o PLUS, o BIO+, acho que é algo que dá uma superioridade. E diferente, acho que vou participar do Dermotech, na minha cabeça veio muito Dermobalance. Nã"
11,nmf_11,tecnologia / bio / bioeficiente / linha,tecnologia; bio; bioeficiente; linha; produtos; nome; produto; cabeca; palavra; homem; eficiente; bioinovacao; dermotech; natural; seria,2,doc_66b40b2eb6436092,doc_66b40b2eb6436092_pp_ch_0010,0.9687,"Pode ir. Bio... Foi muito rápido? Não? Então tá bom. Bioeficiente. Terceiro nome da tecnologia. Bioeficiente. O que vem na cabeça, o que faz pensar sobre a linha de produtos da natural. Se ela vier com esse nome, bioeficiente, como tecnologia, Quarto. Como é que vocês leriam? Alguém vai ler de jeito diferente? Biomais, então. O que vem na cabeça? O que faz pensar sobre os produtos da linha da Natura? Vou para o quinto. Dermobalance. A tecnologia chamaria Dermobalance. O que vem na cabeça e o que faz pensar sobre os produtos. E a última. Bioinovação. Tecnologia, bioinovação, o que vem na cabeça"
11,nmf_11,tecnologia / bio / bioeficiente / linha,tecnologia; bio; bioeficiente; linha; produtos; nome; produto; cabeca; palavra; homem; eficiente; bioinovacao; dermotech; natural; seria,3,doc_3a9c3f93806290fb,doc_3a9c3f93806290fb_pp_ch_0032,0.9643,"O Bio Inovação, né, não gostei muito. E o Bio Eficiente, também eu achei... Que assim os nomes pouco puxado sabe não é ruim o nome né mas eu acredito que é isso forçado demais para uma tecnologia que enfim é nova e a gente quer ver uma coisa acho que mais curta né o bioplay por exemplo o nome mais curto né é acho que a calha. Melhor sabe perfeito ótimo tchau Os piores? Você falou que não tinha muito, né? Mas... Não tem. Se precisa escolher, eu... Bioexpert. Bioinnovação, talvez. Tá bom. Pra mim, os dois. Bioeficiente e bioexpert. Bioficiente e bioexperte e tal? O meu é bioinovação e bioeficien"
12,nmf_12,pedido / fusao / lider / avon,pedido; fusao; lider; avon; natura; avo; teve; pontos; ciclo; vender; mudou; minimo; gerente; grupo; aconteceu,1,doc_9da29b5ddacac7d2,doc_9da29b5ddacac7d2_pp_ch_0038,1.0,"O que me mantém é que as pessoas continuam tipo, dando pedido, da mesma forma, dando bom. Da Natura também agora, já me pediu antes também, da Natura, não tem o que eu ganho. Não diminuiu não, meu amor. Não diminuiu. Alguém diminuiu? Com gratidade, assim? Eu não tinha medo, se eu não andava, não. Eu também só tinha medo. Se a gente fizesse essa reunião, fizesse, como imaginava, em seis meses, vai? O que vocês esperariam? Maravilha. Voltou a ser valor. O mínimo é o valor. O que é o maravilhoso da história? Falar que agora tem x pontos mínimos. Pode vir de natura ou da outra pessoa. Você não tem"
12,nmf_12,pedido / fusao / lider / avon,pedido; fusao; lider; avon; natura; avo; teve; pontos; ciclo; vender; mudou; minimo; gerente; grupo; aconteceu,2,doc_ee180b4e719d4d7e,doc_ee180b4e719d4d7e_pp_ch_0036,1.0,"A gente tinha mais reunião. A gente tinha mais fusão. Sim, sim. Antes da quebra foi a fusão. Eu acho que não foi até essa fusão. Foi a pandemia. Foi a pandemia. Foi a pandemia. Foi a pandemia. Foi a pandemia. Foi a pandemia. Foi a pandemia. Foi a pandemia. Foi a pandemia. Foi a pandemia. Foi a pandemia. Foi a pandemia. Foi a pandemia. Foi a pandemia. Foi a pandemia. Foi a pandemia. Foi a pandemia. Foi a a pandemia. Foi a pandemia. Foi a pandemia. Foi a pandemia. Foi a pandemia. Foi a pandemia. Pandemia. O cientismo, né? As reuniões têm muito peso. É a criança que brinde, quem tá com o boleto a"
12,nmf_12,pedido / fusao / lider / avon,pedido; fusao; lider; avon; natura; avo; teve; pontos; ciclo; vender; mudou; minimo; gerente; grupo; aconteceu,3,doc_5e9eef5d22c00bcf,doc_5e9eef5d22c00bcf_pp_ch_0053,0.9673,"Aqueles não falam de pedido de crédito, amor. Aqueles falam aumento de pontuação. A pontuação que é o crédito deles. A gente fecha pedidos por pontos. Entendi. Então, isso está dificultando bastante. Cadastro, pré-pago. Lá na Avon, por exemplo, a Jéssica fez... Eu fiz o cadastro da Jéssica, deu pré-pago. A primeira ela pagou, aí no segundo ciclo, né, campanha, ela já ganhava crédito, vai, 125. Aqui... Não, eu perguntei pra gerente. Eu perguntei pra gerente, ó, se eu fizer esse cadastro, que ela é pré-paga, Como é que vai funcionar? No próximo ciclo ela já vira posse. Mas é o que era o conceito"
13,nmf_13,nome / comecar / papo / vontade,nome; comecar; papo; vontade; bate papo; bate; ouvir; prazer; microfone; conversar; importante; papo comecar; fiquem; prontinho; acionar microfone,1,doc_6446f54127e74c2d,doc_6446f54127e74c2d_pp_ch_0002,1.0,"Sentiu vontade de dizer algo? Basta acionar o microfone e falar sem interromper outra pessoa. Prontinho, nosso bate-papo já vai começar. Oi, gente, boa tarde, prazer, eu sou a [NOME], eu que vou conversar com vocês aqui hoje, obrigada por aceitarem nosso convite. A ideia é fazer bate-papo aqui, pouco do que a gente ouviu aí no vídeo, né? Ouvir pouquinho aí das histórias que cês tem pra dividir com a gente, pouco da opinião de vocês sobre material que eu vou mostrar e é que não tem certo, não tem errado, né? Se uma acha uma coisa, a outra acha a outra, esse é o lugar onde a gente tá interessado"
13,nmf_13,nome / comecar / papo / vontade,nome; comecar; papo; vontade; bate papo; bate; ouvir; prazer; microfone; conversar; importante; papo comecar; fiquem; prontinho; acionar microfone,2,doc_90e2fc7494d27bd2,doc_90e2fc7494d27bd2_pp_ch_0002,1.0,"Sentiu vontade de dizer algo? Basta acionar o microfone e falar sem interromper outra pessoa. Prontinho! Nosso bate-papo já vai começar. Olá, boa tarde. Prazer, eu sou a [NOME]. Eu que vou conversar com vocês. Obrigada por aceitarem o nosso convite de participar dessa pesquisa. A ideia aqui hoje é que a gente vai bater papo pra falar pouquinho aí sobre assuntos que fazem parte do dia a dia da vida de vocês. E eu quero que vocês fiquem muito à vontade pra colocar a opinião de vocês sobre o que a gente vai dividir aqui, vai falar pouco de propaganda. Então vocês fiquem à vontade, tá bom? Para a "
13,nmf_13,nome / comecar / papo / vontade,nome; comecar; papo; vontade; bate papo; bate; ouvir; prazer; microfone; conversar; importante; papo comecar; fiquem; prontinho; acionar microfone,3,doc_76c629289d2e414c,doc_76c629289d2e414c_pp_ch_0002,1.0,"Sentiu vontade de dizer algo? Basta acionar o microfone e falar sem interromper outra pessoa. Prontinho, nosso bate-papo já vai começar. Oi Débora, eu sou a [NOME], então vou falar com você de novo, obrigada por ter topado fazer a pesquisa. Eu também sou do Instituto de Pesquisa da Quira, tá? Então eu não tenho envolvimento direto com o assunto, isso é super importante, tanto para você ficar à vontade para dar a sua opinião, ou seja, realmente é super importante que você diga o que você acha, como você faz. Eu não tenho envolvimento direto com o assunto, eu tô aqui aberta para ouvir tudo que v"
14,nmf_14,acido / acido hialuronico / hialuronico / amazonia,acido; acido hialuronico; hialuronico; amazonia; propaganda; tucuma; producao; pele amazonia; producao acido; hidratacao; pele; corpo; natureza; sentisse; sentisse pele,1,doc_8155ca024e437eda,doc_8155ca024e437eda_pp_ch_0023,0.9877,"Antinais. Tá bom. Agora eu vou mostrar outro, tá? Pra gente conversar sobre... Todo mundo vendo? E se você sentisse na pele o que a Amazônia faz por você? Estimule a produção de ácido hialurônico no corpo com a potente hidratação anti-sinais de Natura Eco de Tucumã. Passar de novo. E se você sentisse na pele o que a Amazônia faz por você? Estimule a produção de ácido hialurônico no corpo com a potente hidratação anticinais Natura Eco Estucumã. E aí, o que vocês acharam desse? O que vocês entenderam desse daí? É que a Natura resolveu absorver plantas medicinais amazônicas absorver os benefícios"
14,nmf_14,acido / acido hialuronico / hialuronico / amazonia,acido; acido hialuronico; hialuronico; amazonia; propaganda; tucuma; producao; pele amazonia; producao acido; hidratacao; pele; corpo; natureza; sentisse; sentisse pele,2,doc_9ce05b13f8828060,doc_9ce05b13f8828060_pp_ch_0004,0.9789,"Muito bem. Só falta da Bruna, achou aí Bruna? Ótimo, então vamos lá. Tá todo mundo vendo? Sim? Se não estiver ouvindo, me avisa, tá? Dá grito aí no meio. E se você sentir isso na pele, o que a Amazônia faz por você? Estimule a produção de ácido hialurônico no corpo. Com a potente hidratação anti-sinais de Natura Eco de Tucumã. Passar de novo. E se você sentir isso na pele, o que a Amazônia faz por você? Estimula a produção de ácido hialurônico no corpo, com a potente hidratação antissinais Natura Eco Estucumano. E aí, vocês vão responder pra mim essas perguntas, tá? Lá no chat. Primeiro, quais"
14,nmf_14,acido / acido hialuronico / hialuronico / amazonia,acido; acido hialuronico; hialuronico; amazonia; propaganda; tucuma; producao; pele amazonia; producao acido; hidratacao; pele; corpo; natureza; sentisse; sentisse pele,3,doc_8155ca024e437eda,doc_8155ca024e437eda_pp_ch_0026,0.9516,"Eu vou passar mais uma vez. E se você sentisse na pele o que a Amazônia faz por você? Estimule a produção de ácido hialurônico no corpo com a potente hidratação anti-sinais de Natura Eco Estucumã. E aí? Esse daqui, vocês viram que ele também começa com uma pergunta. Sim, e me chamam a atenção. E se você sentisse na pele o que a Amazonas pode fazer por você? Assim como a Amazonas já é Estado com grande ênfase, eles tentaram assimilar com a eficiência do produto, que é a produção do ácido nosso corpo. Então, é comercial muito inteligente, porque... Ele correlaciona a eficiência do produto com a "
15,nmf_15,vegano / bebe / produto / produto vegano,vegano; bebe; produto; produto vegano; questao; frescor; natural; mar; ambiente; massagem; base; mergulho; cuidado; barra; sensacao,1,doc_2da4b14181ace08e,doc_2da4b14181ace08e_pp_ch_0039,0.9929,"Ou que na fragrância dele lembra alguma coisa de praia, esse lance de frescor. Porque tem notas aromáticas cítricas e acosas, né? Então pode puxar para remeter o cheiro. Que nem assim, às vezes eu entro naquela marca de biquíni, a Blumen, a loja tem cheiro de protetor solar. Então assim, quando eu vejo alguma coisa nesse sentido de mergulhar e sentir o frescor de mergulho, então pode ser que o cheiro remeta a alguma coisa assim de praia, né? Alguma coisa ou ligada... Porque a água não tem cheiro. Então assim, que pega assim, ainda ligada quando falar oceano, pra mim eu penso no cheiro de praia"
15,nmf_15,vegano / bebe / produto / produto vegano,vegano; bebe; produto; produto vegano; questao; frescor; natural; mar; ambiente; massagem; base; mergulho; cuidado; barra; sensacao,2,doc_363006063b67a33f,doc_363006063b67a33f_pp_ch_0034,0.9896,"Tá, Denise. Era justamente isso que eu ia falar, que quando a gente, quando lançou ele, aí as meninas ligavam, Denise, por que não veio com plástico? Você tirou, alguém tirou, quando eu vendia pra uma outra pessoa, né? Eu falei assim, não, minha mãe contava a história, né? E assim, também as propagandas que passam na televisão ensinam bastante pra elas. Sustentabilidade, frescor, É perfume maravilhoso. E essa pergunta, né? E se você pudesse sentir o frescor de mergulho a qualquer momento? Eva, o que transmite pra você essa pergunta? Transmite que ele fala que a a fragrância em si ela remete qu"
15,nmf_15,vegano / bebe / produto / produto vegano,vegano; bebe; produto; produto vegano; questao; frescor; natural; mar; ambiente; massagem; base; mergulho; cuidado; barra; sensacao,3,doc_20c080a645217030,doc_20c080a645217030_pp_ch_0055,0.9799,"E uma imagem simples. Ela é simples, mas objetiva. Fernanda, o que essa pergunta convide para você? Você entende essa pergunta? A pergunta em si é se... Porque, assim, isso remete muito ao frescor, né? Tipo assim, diálogo de calor. Então, assim, às vezes você passa algum perfume muito doce, alguma coisa muito doce na pele, você acaba sentindo... Eu não gosto. Então, assim, essa pergunta remete, assim, ao oceano. Quando você tá no mar, no rio ou em qualquer outro lugar, você sente esse frescor. Então, eu acho que é isso que eles querem fazer, que é utilizar o produto. Naili, essa pergunta. Eu a"
16,nmf_16,amanha / dormir / noite / deixasse amanha,amanha; dormir; noite; deixasse amanha; deixasse; cuida; dormir melhor; enquanto cuida; cuida pele; melhor enquanto; enquanto; ritual; cuidar; natura noite; ritual dormir,1,doc_8155ca024e437eda,doc_8155ca024e437eda_pp_ch_0016,1.0,"Então, assim, eu não acho que... Adriana, o que você achou dessa frase? Quando aparece o faz, bem estar faz bem, e aí vira bem estar bem. É que quando é como assim, você tá bem, seu corpo flui melhor, flui de uma forma mais leve, você consegue se enrolar com mais facilidade, né? Quando você tá mais leve, você produz melhor, você produz de uma forma mais leve também, não tão preocupada. É isso. Eu vou passar agora uma outra propaganda e a gente vai conversar pouquinho sobre ela, tá? Vou passar duas vezes. E se você não se deixasse pra amanhã? Experimente ritual pra dormir melhor enquanto cuida "
16,nmf_16,amanha / dormir / noite / deixasse amanha,amanha; dormir; noite; deixasse amanha; deixasse; cuida; dormir melhor; enquanto cuida; cuida pele; melhor enquanto; enquanto; ritual; cuidar; natura noite; ritual dormir,2,doc_9ce05b13f8828060,doc_9ce05b13f8828060_pp_ch_0023,0.9992,"Letícia, o que transmite pra você bem estar faz bem estar bem? Transmite a mesma coisa? Como que é? Eu acho que é todo conjunto, né? Se a gente tá bem consigo mesmo, assim, eu tô bem comigo mesmo. Tudo tá bem ao meu redor. Pode não estar tão bem assim, mas eu consigo ver de outro prisma as questões ao meu redor. Então, o bem-estar faz bem a gente estar sentindo bem com a gente e também faz bem que a gente consegue ajudar. Eu tô super bem, então eu tô de uma pessoa do meu lado que não tá tão bem. Então, como eu tô bem, eu consigo passar pra ela a minha visão do mundo por eu estar bem e tentar a"
16,nmf_16,amanha / dormir / noite / deixasse amanha,amanha; dormir; noite; deixasse amanha; deixasse; cuida; dormir melhor; enquanto cuida; cuida pele; melhor enquanto; enquanto; ritual; cuidar; natura noite; ritual dormir,3,doc_2da4b14181ace08e,doc_2da4b14181ace08e_pp_ch_0014,0.9988,"De fazer atitudes pra isso, pra você tá bem, né? Não adianta você, tipo, quer ficar bem se você não tem a atitude. Eu quero ficar bem, mas a pessoa ficou o dia inteiro chorando, então acho que vai manter nesse estado, né? Na verdade, o sentido que eu entendo aí também é tipo, bem-estar faz, tipo, é positivo. É como se dissesse assim, o bem-estar é positivo, algo positivo. E faz bem estar bem, não sabe? Faz bem estar bem. Entendi. Vamos lá. Vou mostrar uma outra propaganda, tá? E a gente vai conversar pouquinho sobre ela. E se você não se deixasse pra amanhã? Experimente o ritual para dormir me"
17,nmf_17,kit / caixa / kits / sacola,kit; caixa; kits; sacola; presente; vem; embalagem; cliente; sabonete; presentes; caixas; entrega; montar; preco; dentro,1,doc_ee8d1372d1a391aa,doc_ee8d1372d1a391aa_pp_ch_0016,0.9579,"Então, veio lá, quando eu peguei o kit, veio o perfume, creminho de mão e veio mais a bolsa. A bolsinha é uma bolsa pequena, rosa. Então, as meninas querem o kit por conta da bolsa. Aí as meninas falam assim, não sei por que não tá vindo pra consultora. A gente pode desmembrar, mas não vai vir a bolsa. Então, quando esse kit fechado, por exemplo, a Ciagi, uma vez, veio o kit, quando teve o lançamento de shampoo e condicionador e máscara, veio uma necessaire. Então o pessoal acaba comprando porque, pô, olha, tá vindo uma necessaire. Acaba agradando a mais. Quando vem esses kits fechados, aí ess"
17,nmf_17,kit / caixa / kits / sacola,kit; caixa; kits; sacola; presente; vem; embalagem; cliente; sabonete; presentes; caixas; entrega; montar; preco; dentro,2,doc_de596209415382fe,doc_de596209415382fe_pp_ch_0011,0.9318,"Sim. Aí eu monto kit de hidratante, com sabonete. Eu quero kit mais ou menos que agrada. Eu falei, não tem como não agradar. Sabonete e hidratante. Não tem. Aí já monto, coloco batom nude que agrada a todos. Por mais que a pessoa não use batom, mas em algum momento ela vai. Então, nude... Então, nesses momentos, elas compram mais kits? Ou elas compram produtos separados? Não, fala pra montar kit. E eu monto. Eu sempre tenho caixa, sempre tenho embalagens aqui, aí eu monto. Ou mesmo na sacolinha, você faz a embalagem bonitinha. E como você costuma fazer essa embalagem, Maria? Com o próprio pape"
17,nmf_17,kit / caixa / kits / sacola,kit; caixa; kits; sacola; presente; vem; embalagem; cliente; sabonete; presentes; caixas; entrega; montar; preco; dentro,3,doc_f17a8b4e6ffe8287,doc_f17a8b4e6ffe8287_pp_ch_0011,0.8965,"Criam, criam. Os clientes, eles olham ali uma caixa, eles já acham o máximo. Principalmente quando eles não têm que pagar a parte. Eu não sei se pode comparar uma e outra, mas vamos supor. A Boticário, é assim... Eu vendo para aquele cliente que procura. Boticário praticamente não faz pronta entrega, porque tem loja, né? É diferente. Mas vamos supor, se a cliente fala assim pra mim, ai Ariane, eu queria montar kit, eu não queria aquele kit pronto. Só a caixa ela paga 10 reais. Então é assim. Porque fica mais bonito, né, presente ali numa caixa. E o da Natura vem caixa, vem papel de seda. Ou às"
